casename,rgas,gam,cp,cv,cfl,sfac,d_max,d_var,facsec,fcorr,nsteps,nrkuts,guess_method,ni,nj,pstag,tstag,alpha,rfin,p,dt,converged,iterations,dro_max,dro_avg
bump,287.0,1.4,1004.5000000000001,717.5000000000001,0.01544452104946379,0.8,0.0001,0.01,0,0,100000,1,2,53,37,100000.0,300.0,0.0,0.25,85000.0,3.6361329555511475,1,41450.0,9.94185e-05,2.11871e-06
bump,287.0,1.4,1004.5000000000001,717.5000000000001,0.01,0.8,0.0001,0.01,0,0,100000,1,2,53,37,100000.0,300.0,0.0,0.25,85000.0,5.250511407852173,1,61350.0,6.38175e-05,1.274e-06
bump,287.0,1.4,1004.5000000000001,717.5000000000001,0.01544452104946379,0.8,0.0001,0.01,0,0,100000,2,2,53,37,100000.0,300.0,0.0,0.25,85000.0,6.842870473861694,1,41450.0,9.94952e-05,2.11811e-06
bump,287.0,1.4,1004.5000000000001,717.5000000000001,0.01544452104946379,0.8,0.0001,0.01,0,0,100000,3,2,53,37,100000.0,300.0,0.0,0.25,85000.0,10.007030010223389,1,41450.0,9.95055e-05,2.11789e-06
bump,287.0,1.4,1004.5000000000001,717.5000000000001,0.01,0.8,0.0001,0.01,0,0,100000,2,2,53,37,100000.0,300.0,0.0,0.25,85000.0,10.006028175354004,1,61350.0,6.38294e-05,1.27318e-06
bump,287.0,1.4,1004.5000000000001,717.5000000000001,0.023853323044733008,0.8,0.0001,0.01,0,0,100000,1,2,53,37,100000.0,300.0,0.0,0.25,85000.0,3.4213099479675293,1,38950.0,0.00015343,3.03368e-06
bump,287.0,1.4,1004.5000000000001,717.5000000000001,0.01,0.8,0.0001,0.01,0,0,100000,3,2,53,37,100000.0,300.0,0.0,0.25,85000.0,14.718401432037354,1,61400.0,6.38409e-05,1.27395e-06
bump,287.0,1.4,1004.5000000000001,717.5000000000001,0.023853323044733008,0.8,0.0001,0.01,0,0,100000,2,2,53,37,100000.0,300.0,0.0,0.25,85000.0,6.308026075363159,1,38950.0,0.000153686,3.03442e-06
bump,287.0,1.4,1004.5000000000001,717.5000000000001,0.01544452104946379,0.8,0.0001,0.01,0,0,100000,4,2,53,37,100000.0,300.0,0.0,0.25,85000.0,13.379801511764526,1,41450.0,9.94878e-05,2.11815e-06
bump,287.0,1.4,1004.5000000000001,717.5000000000001,0.01,0.8,0.0001,0.01,0,0,100000,4,2,53,37,100000.0,300.0,0.0,0.25,85000.0,19.32986307144165,1,61400.0,6.38362e-05,1.27431e-06
bump,287.0,1.4,1004.5000000000001,717.5000000000001,0.023853323044733008,0.8,0.0001,0.01,0,0,100000,3,2,53,37,100000.0,300.0,0.0,0.25,85000.0,9.524072647094727,1,38950.0,0.000153695,3.03516e-06
bump,287.0,1.4,1004.5000000000001,717.5000000000001,0.03684031498640387,0.8,0.0001,0.01,0,0,100000,1,2,53,37,100000.0,300.0,0.0,0.25,85000.0,2.5721805095672607,1,29800.0,0.000237197,4.53381e-06
bump,287.0,1.4,1004.5000000000001,717.5000000000001,0.01544452104946379,0.8,0.0001,0.01,0,0,100000,5,2,53,37,100000.0,300.0,0.0,0.25,85000.0,16.321045637130737,1,41450.0,9.94848e-05,2.11798e-06
bump,287.0,1.4,1004.5000000000001,717.5000000000001,0.03684031498640387,0.8,0.0001,0.01,0,0,100000,2,2,53,37,100000.0,300.0,0.0,0.25,85000.0,4.832835674285889,1,29800.0,0.000237799,4.53637e-06
bump,287.0,1.4,1004.5000000000001,717.5000000000001,0.01,0.8,0.0001,0.01,0,0,100000,5,2,53,37,100000.0,300.0,0.0,0.25,85000.0,24.06667709350586,1,61400.0,6.38236e-05,1.27378e-06
bump,287.0,1.4,1004.5000000000001,717.5000000000001,0.023853323044733008,0.8,0.0001,0.01,0,0,100000,4,2,53,37,100000.0,300.0,0.0,0.25,85000.0,12.303254842758179,1,38950.0,0.000153666,3.03402e-06
bump,287.0,1.4,1004.5000000000001,717.5000000000001,0.05689810202763908,0.8,0.0001,0.01,0,0,100000,1,2,53,37,100000.0,300.0,0.0,0.25,85000.0,1.8339731693267822,1,20950.0,0.000367662,7.11304e-06
bump,287.0,1.4,1004.5000000000001,717.5000000000001,0.03684031498640387,0.8,0.0001,0.01,0,0,100000,3,2,53,37,100000.0,300.0,0.0,0.25,85000.0,7.149053335189819,1,29800.0,0.000237802,4.5359e-06
bump,287.0,1.4,1004.5000000000001,717.5000000000001,0.05689810202763908,0.8,0.0001,0.01,0,0,100000,2,2,53,37,100000.0,300.0,0.0,0.25,85000.0,3.3886520862579346,1,20850.0,0.000369145,7.11849e-06
bump,287.0,1.4,1004.5000000000001,717.5000000000001,0.08787639344404101,0.8,0.0001,0.01,0,0,100000,1,2,53,37,100000.0,300.0,0.0,0.25,85000.0,1.4873414039611816,1,16550.0,0.000570338,1.09461e-05
bump,287.0,1.4,1004.5000000000001,717.5000000000001,0.05689810202763908,0.8,0.0001,0.01,0,0,100000,3,2,53,37,100000.0,300.0,0.0,0.25,85000.0,5.0556440353393555,1,20850.0,0.000369093,7.11846e-06
bump,287.0,1.4,1004.5000000000001,717.5000000000001,0.03684031498640387,0.8,0.0001,0.01,0,0,100000,4,2,53,37,100000.0,300.0,0.0,0.25,85000.0,9.436888694763184,1,29800.0,0.000237807,4.53589e-06
bump,287.0,1.4,1004.5000000000001,717.5000000000001,0.023853323044733008,0.8,0.0001,0.01,0,0,100000,5,2,53,37,100000.0,300.0,0.0,0.25,85000.0,15.37113356590271,1,38950.0,0.000153674,3.03456e-06
bump,287.0,1.4,1004.5000000000001,717.5000000000001,0.08787639344404101,0.8,0.0001,0.01,0,0,100000,2,2,53,37,100000.0,300.0,0.0,0.25,85000.0,2.579901695251465,1,15250.0,0.000573788,1.09163e-05
bump,287.0,1.4,1004.5000000000001,717.5000000000001,0.05689810202763908,0.8,0.0001,0.01,0,0,100000,4,2,53,37,100000.0,300.0,0.0,0.25,85000.0,6.660704612731934,1,20900.0,0.000369114,7.11845e-06
bump,287.0,1.4,1004.5000000000001,717.5000000000001,0.13572088082974532,0.8,0.0001,0.01,0,0,100000,1,2,53,37,100000.0,300.0,0.0,0.25,85000.0,1.1434690952301025,1,12450.0,0.000887041,1.69233e-05
bump,287.0,1.4,1004.5000000000001,717.5000000000001,0.03684031498640387,0.8,0.0001,0.01,0,0,100000,5,2,53,37,100000.0,300.0,0.0,0.25,85000.0,11.592586517333984,1,29800.0,0.000237812,4.53544e-06
bump,287.0,1.4,1004.5000000000001,717.5000000000001,0.05689810202763908,0.8,0.0001,0.01,0,0,100000,5,2,53,37,100000.0,300.0,0.0,0.25,85000.0,8.231375455856323,1,20850.0,0.000369098,7.11759e-06
bump,287.0,1.4,1004.5000000000001,717.5000000000001,0.08787639344404101,0.8,0.0001,0.01,0,0,100000,3,2,53,37,100000.0,300.0,0.0,0.25,85000.0,3.744643449783325,1,15300.0,0.000573733,1.09221e-05
bump,287.0,1.4,1004.5000000000001,717.5000000000001,0.13572088082974532,0.8,0.0001,0.01,0,0,100000,2,2,53,37,100000.0,300.0,0.0,0.25,85000.0,2.109062910079956,1,12450.0,0.000895667,1.69675e-05
bump,287.0,1.4,1004.5000000000001,717.5000000000001,0.08787639344404101,0.8,0.0001,0.01,0,0,100000,4,2,53,37,100000.0,300.0,0.0,0.25,85000.0,4.830885648727417,1,15250.0,0.000573702,1.09179e-05
bump,287.0,1.4,1004.5000000000001,717.5000000000001,0.20961440008267682,0.8,0.0001,0.01,0,0,100000,2,2,53,37,100000.0,300.0,0.0,0.25,85000.0,0.21304678916931152,2,1,inf,inf
bump,287.0,1.4,1004.5000000000001,717.5000000000001,0.13572088082974532,0.8,0.0001,0.01,0,0,100000,3,2,53,37,100000.0,300.0,0.0,0.25,85000.0,3.0112619400024414,1,12450.0,0.000895401,1.69686e-05
bump,287.0,1.4,1004.5000000000001,717.5000000000001,0.20961440008267682,0.8,0.0001,0.01,0,0,100000,1,2,53,37,100000.0,300.0,0.0,0.25,85000.0,0.9302074909210205,1,9850.0,0.00138508,2.62257e-05
bump,287.0,1.4,1004.5000000000001,717.5000000000001,0.32373940143476265,0.8,0.0001,0.01,0,0,100000,1,2,53,37,100000.0,300.0,0.0,0.25,85000.0,0.14603352546691895,2,350.0,4.51995,0.0687592
bump,287.0,1.4,1004.5000000000001,717.5000000000001,0.08787639344404101,0.8,0.0001,0.01,0,0,100000,5,2,53,37,100000.0,300.0,0.0,0.25,85000.0,6.0831615924835205,1,15250.0,0.000573695,1.09196e-05
bump,287.0,1.4,1004.5000000000001,717.5000000000001,0.13572088082974532,0.8,0.0001,0.01,0,0,100000,4,2,53,37,100000.0,300.0,0.0,0.25,85000.0,4.006484746932983,1,12450.0,0.00089539,1.69666e-05
bump,287.0,1.4,1004.5000000000001,717.5000000000001,0.20961440008267682,0.8,0.0001,0.01,0,0,100000,3,2,53,37,100000.0,300.0,0.0,0.25,85000.0,2.4215409755706787,1,9800.0,0.00140534,2.6373e-05
bump,287.0,1.4,1004.5000000000001,717.5000000000001,0.32373940143476265,0.8,0.0001,0.01,0,0,100000,2,2,53,37,100000.0,300.0,0.0,0.25,85000.0,1.413318157196045,1,8100.0,0.00222897,4.12773e-05
bump,287.0,1.4,1004.5000000000001,717.5000000000001,0.13572088082974532,0.8,0.0001,0.01,0,0,100000,5,2,53,37,100000.0,300.0,0.0,0.25,85000.0,4.856677532196045,1,12450.0,0.000895417,1.69678e-05
bump,287.0,1.4,1004.5000000000001,717.5000000000001,0.5,0.8,0.0001,0.01,0,0,100000,1,2,53,37,100000.0,300.0,0.0,0.25,85000.0,0.11702561378479004,2,50.0,0.388496,0.0117452
bump,287.0,1.4,1004.5000000000001,717.5000000000001,0.20961440008267682,0.8,0.0001,0.01,0,0,100000,4,2,53,37,100000.0,300.0,0.0,0.25,85000.0,3.114699125289917,1,9800.0,0.00140522,2.63741e-05
bump,287.0,1.4,1004.5000000000001,717.5000000000001,0.32373940143476265,0.8,0.0001,0.01,0,0,100000,3,2,53,37,100000.0,300.0,0.0,0.25,85000.0,1.9514389038085938,1,8100.0,0.00222637,4.12928e-05
bump,287.0,1.4,1004.5000000000001,717.5000000000001,0.20961440008267682,0.8,0.0001,0.01,0,0,100000,5,2,53,37,100000.0,300.0,0.0,0.25,85000.0,3.8658666610717773,1,9800.0,0.00140522,2.63727e-05
bump,287.0,1.4,1004.5000000000001,717.5000000000001,0.5,0.8,0.0001,0.01,0,0,100000,2,2,53,37,100000.0,300.0,0.0,0.25,85000.0,1.1802637577056885,1,7000.0,0.0035885,6.52269e-05
bump,287.0,1.4,1004.5000000000001,717.5000000000001,0.32373940143476265,0.8,0.0001,0.01,0,0,100000,4,2,53,37,100000.0,300.0,0.0,0.25,85000.0,2.526564121246338,1,8100.0,0.00222576,4.12917e-05
bump,287.0,1.4,1004.5000000000001,717.5000000000001,0.5,0.8,0.0001,0.01,0,0,100000,3,2,53,37,100000.0,300.0,0.0,0.25,85000.0,1.6903774738311768,1,7000.0,0.00358159,6.53213e-05
bump,287.0,1.4,1004.5000000000001,717.5000000000001,0.32373940143476265,0.8,0.0001,0.01,0,0,100000,5,2,53,37,100000.0,300.0,0.0,0.25,85000.0,3.108694076538086,1,8100.0,0.00222579,4.12932e-05
bump,287.0,1.4,1004.5000000000001,717.5000000000001,0.5,0.8,0.0001,0.01,0,0,100000,4,2,53,37,100000.0,300.0,0.0,0.25,85000.0,2.1975042819976807,1,7000.0,0.00357791,6.53157e-05
bump,287.0,1.4,1004.5000000000001,717.5000000000001,0.5,0.8,0.0001,0.01,0,0,100000,5,2,53,37,100000.0,300.0,0.0,0.25,85000.0,2.6836211681365967,1,7000.0,0.0035782,6.5313e-05
bump,287.0,1.4,1004.5000000000001,717.5000000000001,0.01,0.8,0.0001,0.01,0,0,100000,1,2,53,37,100000.0,300.0,0.0,0.25,85000.0,5.183729648590088,1,61350.0,6.38175e-05,1.274e-06
bump,287.0,1.4,1004.5000000000001,717.5000000000001,0.01,0.8,0.0001,0.01,0,0,100000,1,2,53,37,100000.0,300.0,0.0,0.25,85000.0,5.218736410140991,1,61350.0,6.38175e-05,1.274e-06
bump,287.0,1.4,1004.5000000000001,717.5000000000001,0.01,0.8,0.0001,0.01,0,0,100000,2,2,53,37,100000.0,300.0,0.0,0.25,85000.0,9.755398750305176,1,61350.0,6.38294e-05,1.27318e-06
bump,287.0,1.4,1004.5000000000001,717.5000000000001,0.01,0.8,0.0001,0.01,0,0,100000,2,2,53,37,100000.0,300.0,0.0,0.25,85000.0,9.757399320602417,1,61350.0,6.38294e-05,1.27318e-06
bump,287.0,1.4,1004.5000000000001,717.5000000000001,0.01544452104946379,0.8,0.0001,0.01,0,0,100000,1,2,53,37,100000.0,300.0,0.0,0.25,85000.0,3.4922850131988525,1,41450.0,9.94185e-05,2.11871e-06
bump,287.0,1.4,1004.5000000000001,717.5000000000001,0.01544452104946379,0.8,0.0001,0.01,0,0,100000,1,2,53,37,100000.0,300.0,0.0,0.25,85000.0,3.5032882690429688,1,41450.0,9.94185e-05,2.11871e-06
bump,287.0,1.4,1004.5000000000001,717.5000000000001,0.01,0.8,0.0001,0.01,0,0,100000,3,2,53,37,100000.0,300.0,0.0,0.25,85000.0,14.356435537338257,1,61400.0,6.38409e-05,1.27395e-06
bump,287.0,1.4,1004.5000000000001,717.5000000000001,0.01,0.8,0.0001,0.01,0,0,100000,3,2,53,37,100000.0,300.0,0.0,0.25,85000.0,14.40544605255127,1,61400.0,6.38409e-05,1.27395e-06
bump,287.0,1.4,1004.5000000000001,717.5000000000001,0.01,0.8,0.0001,0.01,0,0,100000,4,2,53,37,100000.0,300.0,0.0,0.25,85000.0,18.990487813949585,1,61400.0,6.38362e-05,1.27431e-06
bump,287.0,1.4,1004.5000000000001,717.5000000000001,0.01,0.8,0.0001,0.01,0,0,100000,4,2,53,37,100000.0,300.0,0.0,0.25,85000.0,19.036498069763184,1,61400.0,6.38362e-05,1.27431e-06
bump,287.0,1.4,1004.5000000000001,717.5000000000001,0.01544452104946379,0.8,0.0001,0.01,0,0,100000,2,2,53,37,100000.0,300.0,0.0,0.25,85000.0,6.595387697219849,1,41450.0,9.94952e-05,2.11811e-06
bump,287.0,1.4,1004.5000000000001,717.5000000000001,0.01544452104946379,0.8,0.0001,0.01,0,0,100000,2,2,53,37,100000.0,300.0,0.0,0.25,85000.0,6.675405979156494,1,41450.0,9.94952e-05,2.11811e-06
bump,287.0,1.4,1004.5000000000001,717.5000000000001,0.01544452104946379,0.8,0.0001,0.01,0,0,100000,3,2,53,37,100000.0,300.0,0.0,0.25,85000.0,9.713056087493896,1,41450.0,9.95055e-05,2.11789e-06
bump,287.0,1.4,1004.5000000000001,717.5000000000001,0.01544452104946379,0.8,0.0001,0.01,0,0,100000,3,2,53,37,100000.0,300.0,0.0,0.25,85000.0,9.698053121566772,1,41450.0,9.95055e-05,2.11789e-06
bump,287.0,1.4,1004.5000000000001,717.5000000000001,0.023853323044733008,0.8,0.0001,0.01,0,0,100000,1,2,53,37,100000.0,300.0,0.0,0.25,85000.0,3.278672933578491,1,38950.0,0.00015343,3.03368e-06
bump,287.0,1.4,1004.5000000000001,717.5000000000001,0.023853323044733008,0.8,0.0001,0.01,0,0,100000,1,2,53,37,100000.0,300.0,0.0,0.25,85000.0,3.307680130004883,1,38950.0,0.00015343,3.03368e-06
bump,287.0,1.4,1004.5000000000001,717.5000000000001,0.01,0.8,0.0001,0.01,0,0,100000,5,2,53,37,100000.0,300.0,0.0,0.25,85000.0,23.53733205795288,1,61400.0,6.38236e-05,1.27378e-06
bump,287.0,1.4,1004.5000000000001,717.5000000000001,0.01,0.8,0.0001,0.01,0,0,100000,5,2,53,37,100000.0,300.0,0.0,0.25,85000.0,23.613349199295044,1,61400.0,6.38236e-05,1.27378e-06
bump,287.0,1.4,1004.5000000000001,717.5000000000001,0.01544452104946379,0.8,0.0001,0.01,0,0,100000,4,2,53,37,100000.0,300.0,0.0,0.25,85000.0,12.935934066772461,1,41450.0,9.94878e-05,2.11815e-06
bump,287.0,1.4,1004.5000000000001,717.5000000000001,0.01544452104946379,0.8,0.0001,0.01,0,0,100000,4,2,53,37,100000.0,300.0,0.0,0.25,85000.0,12.956416606903076,1,41450.0,9.94878e-05,2.11815e-06
bump,287.0,1.4,1004.5000000000001,717.5000000000001,0.023853323044733008,0.8,0.0001,0.01,0,0,100000,2,2,53,37,100000.0,300.0,0.0,0.25,85000.0,6.287080526351929,1,38950.0,0.000153686,3.03442e-06
bump,287.0,1.4,1004.5000000000001,717.5000000000001,0.023853323044733008,0.8,0.0001,0.01,0,0,100000,2,2,53,37,100000.0,300.0,0.0,0.25,85000.0,6.225066423416138,1,38950.0,0.000153686,3.03442e-06
bump,287.0,1.4,1004.5000000000001,717.5000000000001,0.01544452104946379,0.8,0.0001,0.01,0,0,100000,5,2,53,37,100000.0,300.0,0.0,0.25,85000.0,16.109999895095825,1,41450.0,9.94848e-05,2.11798e-06
bump,287.0,1.4,1004.5000000000001,717.5000000000001,0.01544452104946379,0.8,0.0001,0.01,0,0,100000,5,2,53,37,100000.0,300.0,0.0,0.25,85000.0,16.101996421813965,1,41450.0,9.94848e-05,2.11798e-06
bump,287.0,1.4,1004.5000000000001,717.5000000000001,0.023853323044733008,0.8,0.0001,0.01,0,0,100000,3,2,53,37,100000.0,300.0,0.0,0.25,85000.0,9.283360481262207,1,38950.0,0.000153695,3.03516e-06
bump,287.0,1.4,1004.5000000000001,717.5000000000001,0.023853323044733008,0.8,0.0001,0.01,0,0,100000,3,2,53,37,100000.0,300.0,0.0,0.25,85000.0,9.186339616775513,1,38950.0,0.000153695,3.03516e-06
bump,287.0,1.4,1004.5000000000001,717.5000000000001,0.03684031498640387,0.8,0.0001,0.01,0,0,100000,1,2,53,37,100000.0,300.0,0.0,0.25,85000.0,2.523106813430786,1,29800.0,0.000237197,4.53381e-06
bump,287.0,1.4,1004.5000000000001,717.5000000000001,0.03684031498640387,0.8,0.0001,0.01,0,0,100000,1,2,53,37,100000.0,300.0,0.0,0.25,85000.0,2.540109634399414,1,29800.0,0.000237197,4.53381e-06
bump,287.0,1.4,1004.5000000000001,717.5000000000001,0.03684031498640387,0.8,0.0001,0.01,0,0,100000,2,2,53,37,100000.0,300.0,0.0,0.25,85000.0,4.794107675552368,1,29800.0,0.000237799,4.53637e-06
bump,287.0,1.4,1004.5000000000001,717.5000000000001,0.03684031498640387,0.8,0.0001,0.01,0,0,100000,2,2,53,37,100000.0,300.0,0.0,0.25,85000.0,4.8601233959198,1,29800.0,0.000237799,4.53637e-06
bump,287.0,1.4,1004.5000000000001,717.5000000000001,0.023853323044733008,0.8,0.0001,0.01,0,0,100000,4,2,53,37,100000.0,300.0,0.0,0.25,85000.0,12.180554151535034,1,38950.0,0.000153666,3.03402e-06
bump,287.0,1.4,1004.5000000000001,717.5000000000001,0.023853323044733008,0.8,0.0001,0.01,0,0,100000,4,2,53,37,100000.0,300.0,0.0,0.25,85000.0,12.338682413101196,1,38950.0,0.000153666,3.03402e-06
bump,287.0,1.4,1004.5000000000001,717.5000000000001,0.03684031498640387,0.8,0.0001,0.01,0,0,100000,3,2,53,37,100000.0,300.0,0.0,0.25,85000.0,7.214874982833862,1,29800.0,0.000237802,4.5359e-06
bump,287.0,1.4,1004.5000000000001,717.5000000000001,0.03684031498640387,0.8,0.0001,0.01,0,0,100000,3,2,53,37,100000.0,300.0,0.0,0.25,85000.0,7.2688868045806885,1,29800.0,0.000237802,4.5359e-06
bump,287.0,1.4,1004.5000000000001,717.5000000000001,0.023853323044733008,0.8,0.0001,0.01,0,0,100000,5,2,53,37,100000.0,300.0,0.0,0.25,85000.0,15.362263679504395,1,38950.0,0.000153674,3.03456e-06
bump,287.0,1.4,1004.5000000000001,717.5000000000001,0.023853323044733008,0.8,0.0001,0.01,0,0,100000,5,2,53,37,100000.0,300.0,0.0,0.25,85000.0,15.427278518676758,1,38950.0,0.000153674,3.03456e-06
bump,287.0,1.4,1004.5000000000001,717.5000000000001,0.05689810202763908,0.8,0.0001,0.01,0,0,100000,1,2,53,37,100000.0,300.0,0.0,0.25,85000.0,1.8884258270263672,1,20950.0,0.000367662,7.11304e-06
bump,287.0,1.4,1004.5000000000001,717.5000000000001,0.05689810202763908,0.8,0.0001,0.01,0,0,100000,1,2,53,37,100000.0,300.0,0.0,0.25,85000.0,1.87642240524292,1,20950.0,0.000367662,7.11304e-06
bump,287.0,1.4,1004.5000000000001,717.5000000000001,0.03684031498640387,0.8,0.0001,0.01,0,0,100000,4,2,53,37,100000.0,300.0,0.0,0.25,85000.0,9.502993822097778,1,29800.0,0.000237807,4.53589e-06
bump,287.0,1.4,1004.5000000000001,717.5000000000001,0.03684031498640387,0.8,0.0001,0.01,0,0,100000,4,2,53,37,100000.0,300.0,0.0,0.25,85000.0,9.50399374961853,1,29800.0,0.000237807,4.53589e-06
bump,287.0,1.4,1004.5000000000001,717.5000000000001,0.05689810202763908,0.8,0.0001,0.01,0,0,100000,2,2,53,37,100000.0,300.0,0.0,0.25,85000.0,3.4964418411254883,1,20850.0,0.000369145,7.11849e-06
bump,287.0,1.4,1004.5000000000001,717.5000000000001,0.05689810202763908,0.8,0.0001,0.01,0,0,100000,2,2,53,37,100000.0,300.0,0.0,0.25,85000.0,3.617469310760498,1,20850.0,0.000369145,7.11849e-06
bump,287.0,1.4,1004.5000000000001,717.5000000000001,0.03684031498640387,0.8,0.0001,0.01,0,0,100000,5,2,53,37,100000.0,300.0,0.0,0.25,85000.0,11.873472213745117,1,29800.0,0.000237812,4.53544e-06
bump,287.0,1.4,1004.5000000000001,717.5000000000001,0.03684031498640387,0.8,0.0001,0.01,0,0,100000,5,2,53,37,100000.0,300.0,0.0,0.25,85000.0,11.775453329086304,1,29800.0,0.000237812,4.53544e-06
bump,287.0,1.4,1004.5000000000001,717.5000000000001,0.05689810202763908,0.8,0.0001,0.01,0,0,100000,3,2,53,37,100000.0,300.0,0.0,0.25,85000.0,5.010420560836792,1,20850.0,0.000369093,7.11846e-06
bump,287.0,1.4,1004.5000000000001,717.5000000000001,0.05689810202763908,0.8,0.0001,0.01,0,0,100000,3,2,53,37,100000.0,300.0,0.0,0.25,85000.0,4.999417304992676,1,20850.0,0.000369093,7.11846e-06
bump,287.0,1.4,1004.5000000000001,717.5000000000001,0.08787639344404101,0.8,0.0001,0.01,0,0,100000,1,2,53,37,100000.0,300.0,0.0,0.25,85000.0,1.4613256454467773,1,16550.0,0.000570338,1.09461e-05
bump,287.0,1.4,1004.5000000000001,717.5000000000001,0.08787639344404101,0.8,0.0001,0.01,0,0,100000,1,2,53,37,100000.0,300.0,0.0,0.25,85000.0,1.442322015762329,1,16550.0,0.000570338,1.09461e-05
bump,287.0,1.4,1004.5000000000001,717.5000000000001,0.08787639344404101,0.8,0.0001,0.01,0,0,100000,2,2,53,37,100000.0,300.0,0.0,0.25,85000.0,2.537264108657837,1,15250.0,0.000573788,1.09163e-05
bump,287.0,1.4,1004.5000000000001,717.5000000000001,0.08787639344404101,0.8,0.0001,0.01,0,0,100000,2,2,53,37,100000.0,300.0,0.0,0.25,85000.0,2.578273296356201,1,15250.0,0.000573788,1.09163e-05
bump,287.0,1.4,1004.5000000000001,717.5000000000001,0.05689810202763908,0.8,0.0001,0.01,0,0,100000,4,2,53,37,100000.0,300.0,0.0,0.25,85000.0,6.65865421295166,1,20900.0,0.000369114,7.11845e-06
bump,287.0,1.4,1004.5000000000001,717.5000000000001,0.05689810202763908,0.8,0.0001,0.01,0,0,100000,4,2,53,37,100000.0,300.0,0.0,0.25,85000.0,6.743673086166382,1,20900.0,0.000369114,7.11845e-06
bump,287.0,1.4,1004.5000000000001,717.5000000000001,0.08787639344404101,0.8,0.0001,0.01,0,0,100000,3,2,53,37,100000.0,300.0,0.0,0.25,85000.0,3.9807305335998535,1,15300.0,0.000573733,1.09221e-05
bump,287.0,1.4,1004.5000000000001,717.5000000000001,0.08787639344404101,0.8,0.0001,0.01,0,0,100000,3,2,53,37,100000.0,300.0,0.0,0.25,85000.0,3.976573944091797,1,15300.0,0.000573733,1.09221e-05
bump,287.0,1.4,1004.5000000000001,717.5000000000001,0.05689810202763908,0.8,0.0001,0.01,0,0,100000,5,2,53,37,100000.0,300.0,0.0,0.25,85000.0,8.331770896911621,1,20850.0,0.000369098,7.11759e-06
bump,287.0,1.4,1004.5000000000001,717.5000000000001,0.05689810202763908,0.8,0.0001,0.01,0,0,100000,5,2,53,37,100000.0,300.0,0.0,0.25,85000.0,8.53081488609314,1,20850.0,0.000369098,7.11759e-06
bump,287.0,1.4,1004.5000000000001,717.5000000000001,0.13572088082974532,0.8,0.0001,0.01,0,0,100000,1,2,53,37,100000.0,300.0,0.0,0.25,85000.0,1.1182708740234375,1,12450.0,0.000887041,1.69233e-05
bump,287.0,1.4,1004.5000000000001,717.5000000000001,0.13572088082974532,0.8,0.0001,0.01,0,0,100000,1,2,53,37,100000.0,300.0,0.0,0.25,85000.0,1.1282737255096436,1,12450.0,0.000887041,1.69233e-05
bump,287.0,1.4,1004.5000000000001,717.5000000000001,0.08787639344404101,0.8,0.0001,0.01,0,0,100000,4,2,53,37,100000.0,300.0,0.0,0.25,85000.0,4.950868606567383,1,15250.0,0.000573702,1.09179e-05
bump,287.0,1.4,1004.5000000000001,717.5000000000001,0.08787639344404101,0.8,0.0001,0.01,0,0,100000,4,2,53,37,100000.0,300.0,0.0,0.25,85000.0,4.939866781234741,1,15250.0,0.000573702,1.09179e-05
bump,287.0,1.4,1004.5000000000001,717.5000000000001,0.13572088082974532,0.8,0.0001,0.01,0,0,100000,2,2,53,37,100000.0,300.0,0.0,0.25,85000.0,2.0579965114593506,1,12450.0,0.000895667,1.69675e-05
bump,287.0,1.4,1004.5000000000001,717.5000000000001,0.13572088082974532,0.8,0.0001,0.01,0,0,100000,2,2,53,37,100000.0,300.0,0.0,0.25,85000.0,2.056994676589966,1,12450.0,0.000895667,1.69675e-05
bump,287.0,1.4,1004.5000000000001,717.5000000000001,0.08787639344404101,0.8,0.0001,0.01,0,0,100000,5,2,53,37,100000.0,300.0,0.0,0.25,85000.0,6.039649963378906,1,15250.0,0.000573695,1.09196e-05
bump,287.0,1.4,1004.5000000000001,717.5000000000001,0.08787639344404101,0.8,0.0001,0.01,0,0,100000,5,2,53,37,100000.0,300.0,0.0,0.25,85000.0,6.044650077819824,1,15250.0,0.000573695,1.09196e-05
bump,287.0,1.4,1004.5000000000001,717.5000000000001,0.13572088082974532,0.8,0.0001,0.01,0,0,100000,3,2,53,37,100000.0,300.0,0.0,0.25,85000.0,3.1262364387512207,1,12450.0,0.000895401,1.69686e-05
bump,287.0,1.4,1004.5000000000001,717.5000000000001,0.13572088082974532,0.8,0.0001,0.01,0,0,100000,3,2,53,37,100000.0,300.0,0.0,0.25,85000.0,3.01021146774292,1,12450.0,0.000895401,1.69686e-05
bump,287.0,1.4,1004.5000000000001,717.5000000000001,0.20961440008267682,0.8,0.0001,0.01,0,0,100000,1,2,53,37,100000.0,300.0,0.0,0.25,85000.0,0.9182047843933105,1,9850.0,0.00138508,2.62257e-05
bump,287.0,1.4,1004.5000000000001,717.5000000000001,0.20961440008267682,0.8,0.0001,0.01,0,0,100000,1,2,53,37,100000.0,300.0,0.0,0.25,85000.0,0.9402101039886475,1,9850.0,0.00138508,2.62257e-05
bump,287.0,1.4,1004.5000000000001,717.5000000000001,0.13572088082974532,0.8,0.0001,0.01,0,0,100000,4,2,53,37,100000.0,300.0,0.0,0.25,85000.0,3.9199490547180176,1,12450.0,0.00089539,1.69666e-05
bump,287.0,1.4,1004.5000000000001,717.5000000000001,0.13572088082974532,0.8,0.0001,0.01,0,0,100000,4,2,53,37,100000.0,300.0,0.0,0.25,85000.0,4.00796914100647,1,12450.0,0.00089539,1.69666e-05
bump,287.0,1.4,1004.5000000000001,717.5000000000001,0.20961440008267682,0.8,0.0001,0.01,0,0,100000,2,2,53,37,100000.0,300.0,0.0,0.25,85000.0,1.6394410133361816,1,9800.0,0.00140618,2.63685e-05
bump,287.0,1.4,1004.5000000000001,717.5000000000001,0.20961440008267682,0.8,0.0001,0.01,0,0,100000,2,2,53,37,100000.0,300.0,0.0,0.25,85000.0,1.7064547538757324,1,9800.0,0.00140618,2.63685e-05
bump,287.0,1.4,1004.5000000000001,717.5000000000001,0.13572088082974532,0.8,0.0001,0.01,0,0,100000,5,2,53,37,100000.0,300.0,0.0,0.25,85000.0,4.862162351608276,1,12450.0,0.000895417,1.69678e-05
bump,287.0,1.4,1004.5000000000001,717.5000000000001,0.13572088082974532,0.8,0.0001,0.01,0,0,100000,5,2,53,37,100000.0,300.0,0.0,0.25,85000.0,4.81715202331543,1,12450.0,0.000895417,1.69678e-05
bump,287.0,1.4,1004.5000000000001,717.5000000000001,0.20961440008267682,0.8,0.0001,0.01,0,0,100000,3,2,53,37,100000.0,300.0,0.0,0.25,85000.0,2.3545289039611816,1,9800.0,0.00140534,2.6373e-05
bump,287.0,1.4,1004.5000000000001,717.5000000000001,0.20961440008267682,0.8,0.0001,0.01,0,0,100000,3,2,53,37,100000.0,300.0,0.0,0.25,85000.0,2.474555253982544,1,9800.0,0.00140534,2.6373e-05
bump,287.0,1.4,1004.5000000000001,717.5000000000001,0.32373940143476265,0.8,0.0001,0.01,0,0,100000,1,2,53,37,100000.0,300.0,0.0,0.25,85000.0,0.23705315589904785,2,350.0,4.51995,0.0687592
bump,287.0,1.4,1004.5000000000001,717.5000000000001,0.32373940143476265,0.8,0.0001,0.01,0,0,100000,1,2,53,37,100000.0,300.0,0.0,0.25,85000.0,0.1470329761505127,2,350.0,4.51995,0.0687592
bump,287.0,1.4,1004.5000000000001,717.5000000000001,0.20961440008267682,0.8,0.0001,0.01,0,0,100000,4,2,53,37,100000.0,300.0,0.0,0.25,85000.0,3.099208354949951,1,9800.0,0.00140522,2.63741e-05
bump,287.0,1.4,1004.5000000000001,717.5000000000001,0.20961440008267682,0.8,0.0001,0.01,0,0,100000,4,2,53,37,100000.0,300.0,0.0,0.25,85000.0,3.143216609954834,1,9800.0,0.00140522,2.63741e-05
bump,287.0,1.4,1004.5000000000001,717.5000000000001,0.32373940143476265,0.8,0.0001,0.01,0,0,100000,2,2,53,37,100000.0,300.0,0.0,0.25,85000.0,1.3698201179504395,1,8100.0,0.00222897,4.12773e-05
bump,287.0,1.4,1004.5000000000001,717.5000000000001,0.32373940143476265,0.8,0.0001,0.01,0,0,100000,2,2,53,37,100000.0,300.0,0.0,0.25,85000.0,1.4888477325439453,1,8100.0,0.00222897,4.12773e-05
bump,287.0,1.4,1004.5000000000001,717.5000000000001,0.32373940143476265,0.8,0.0001,0.01,0,0,100000,3,2,53,37,100000.0,300.0,0.0,0.25,85000.0,1.9639737606048584,1,8100.0,0.00222637,4.12928e-05
bump,287.0,1.4,1004.5000000000001,717.5000000000001,0.20961440008267682,0.8,0.0001,0.01,0,0,100000,5,2,53,37,100000.0,300.0,0.0,0.25,85000.0,3.799899101257324,1,9800.0,0.00140522,2.63727e-05
bump,287.0,1.4,1004.5000000000001,717.5000000000001,0.32373940143476265,0.8,0.0001,0.01,0,0,100000,3,2,53,37,100000.0,300.0,0.0,0.25,85000.0,1.9739761352539062,1,8100.0,0.00222637,4.12928e-05
bump,287.0,1.4,1004.5000000000001,717.5000000000001,0.20961440008267682,0.8,0.0001,0.01,0,0,100000,5,2,53,37,100000.0,300.0,0.0,0.25,85000.0,3.8169026374816895,1,9800.0,0.00140522,2.63727e-05
bump,287.0,1.4,1004.5000000000001,717.5000000000001,0.5,0.8,0.0001,0.01,0,0,100000,1,2,53,37,100000.0,300.0,0.0,0.25,85000.0,0.127028226852417,2,50.0,0.388496,0.0117452
bump,287.0,1.4,1004.5000000000001,717.5000000000001,0.5,0.8,0.0001,0.01,0,0,100000,1,2,53,37,100000.0,300.0,0.0,0.25,85000.0,0.23105239868164062,2,50.0,0.388496,0.0117452
bump,287.0,1.4,1004.5000000000001,717.5000000000001,0.32373940143476265,0.8,0.0001,0.01,0,0,100000,4,2,53,37,100000.0,300.0,0.0,0.25,85000.0,2.6591289043426514,1,8100.0,0.00222576,4.12917e-05
bump,287.0,1.4,1004.5000000000001,717.5000000000001,0.32373940143476265,0.8,0.0001,0.01,0,0,100000,4,2,53,37,100000.0,300.0,0.0,0.25,85000.0,2.547104597091675,1,8100.0,0.00222576,4.12917e-05
bump,287.0,1.4,1004.5000000000001,717.5000000000001,0.5,0.8,0.0001,0.01,0,0,100000,2,2,53,37,100000.0,300.0,0.0,0.25,85000.0,1.1932668685913086,1,7000.0,0.0035885,6.52269e-05
bump,287.0,1.4,1004.5000000000001,717.5000000000001,0.5,0.8,0.0001,0.01,0,0,100000,2,2,53,37,100000.0,300.0,0.0,0.25,85000.0,1.2002677917480469,1,7000.0,0.0035885,6.52269e-05
bump,287.0,1.4,1004.5000000000001,717.5000000000001,0.32373940143476265,0.8,0.0001,0.01,0,0,100000,5,2,53,37,100000.0,300.0,0.0,0.25,85000.0,3.1432366371154785,1,8100.0,0.00222579,4.12932e-05
bump,287.0,1.4,1004.5000000000001,717.5000000000001,0.32373940143476265,0.8,0.0001,0.01,0,0,100000,5,2,53,37,100000.0,300.0,0.0,0.25,85000.0,3.1457021236419678,1,8100.0,0.00222579,4.12932e-05
bump,287.0,1.4,1004.5000000000001,717.5000000000001,0.5,0.8,0.0001,0.01,0,0,100000,3,2,53,37,100000.0,300.0,0.0,0.25,85000.0,1.7078971862792969,1,7000.0,0.00358159,6.53213e-05
bump,287.0,1.4,1004.5000000000001,717.5000000000001,0.5,0.8,0.0001,0.01,0,0,100000,3,2,53,37,100000.0,300.0,0.0,0.25,85000.0,1.6968955993652344,1,7000.0,0.00358159,6.53213e-05
bump,287.0,1.4,1004.5000000000001,717.5000000000001,0.5,0.8,0.0001,0.01,0,0,100000,4,2,53,37,100000.0,300.0,0.0,0.25,85000.0,2.2240123748779297,1,7000.0,0.00357791,6.53157e-05
bump,287.0,1.4,1004.5000000000001,717.5000000000001,0.5,0.8,0.0001,0.01,0,0,100000,4,2,53,37,100000.0,300.0,0.0,0.25,85000.0,2.248018503189087,1,7000.0,0.00357791,6.53157e-05
bump,287.0,1.4,1004.5000000000001,717.5000000000001,0.5,0.8,0.0001,0.01,0,0,100000,5,2,53,37,100000.0,300.0,0.0,0.25,85000.0,2.7396438121795654,1,7000.0,0.0035782,6.5313e-05
bump,287.0,1.4,1004.5000000000001,717.5000000000001,0.5,0.8,0.0001,0.01,0,0,100000,5,2,53,37,100000.0,300.0,0.0,0.25,85000.0,2.7443156242370605,1,7000.0,0.0035782,6.5313e-05
bump,287.0,1.4,1004.5000000000001,717.5000000000001,0.1,0.8,0.0001,0.01,0.0,0.9,500,4,1,53,37,100000.0,300.0,0.0,0.25,85000.0,0.28087878227233887,3,500.0,0.000976505,0.00024161
bump,287.0,1.4,1004.5000000000001,717.5000000000001,0.1,0.8,0.0001,0.01,0.0,0.9,500,4,1,53,37,100000.0,300.0,0.0,0.25,85000.0,0.28087878227233887,3,500.0,0.000976505,0.00024161
bump,287.0,1.4,1004.5000000000001,717.5000000000001,0.1,0.8,0.0001,0.01,0.0,0.9,500,4,1,53,37,100000.0,300.0,0.0,0.25,85000.0,0.26205921173095703,3,500.0,0.000976505,0.00024161
bump,287.0,1.4,1004.5000000000001,717.5000000000001,0.1,0.8,0.0001,0.01,0.0,0.9,500,4,1,53,37,100000.0,300.0,0.0,0.25,85000.0,0.2560586929321289,3,500.0,0.000976505,0.00024161
bump,287.0,1.4,1004.5000000000001,717.5000000000001,0.1,0.8,0.0001,0.01,0.0,0.9,500,4,1,53,37,100000.0,300.0,0.0,0.25,85000.0,0.26406168937683105,3,500.0,0.000976505,0.00024161
bump,287.0,1.4,1004.5000000000001,717.5000000000001,0.1,0.8,0.0001,0.01,0.0,0.9,500,4,1,53,37,100000.0,300.0,0.0,0.25,85000.0,0.26105785369873047,3,500.0,0.000976505,0.00024161
bump,287.0,1.4,1004.5000000000001,717.5000000000001,0.1,0.8,0.0001,0.01,0.0,0.9,500,4,1,53,37,100000.0,300.0,0.0,0.25,85000.0,0.25940799713134766,3,500.0,0.000976505,0.00024161
bump,287.0,1.4,1004.5000000000001,717.5000000000001,0.1,0.8,0.0001,0.01,0.0,0.9,500,4,1,53,37,100000.0,300.0,0.0,0.25,85000.0,0.2520616054534912,3,500.0,0.000976505,0.00024161
bump,287.0,1.4,1004.5000000000001,717.5000000000001,0.1,0.8,0.0001,0.01,0.0,0.9,500,4,1,53,37,100000.0,300.0,0.0,0.25,85000.0,0.2737600803375244,3,500.0,0.000976505,0.00024161
bump,287.0,1.4,1004.5000000000001,717.5000000000001,0.1,0.8,0.0001,0.01,0.0,0.9,500,4,1,53,37,100000.0,300.0,0.0,0.25,85000.0,0.2737600803375244,3,500.0,0.000976505,0.00024161
bump,287.0,1.4,1004.5000000000001,717.5000000000001,0.1,0.8,0.0001,0.01,0.0,0.9,500,4,1,53,37,100000.0,300.0,0.0,0.25,85000.0,0.2567713260650635,3,500.0,0.000976505,0.00024161
bump,287.0,1.4,1004.5000000000001,717.5000000000001,0.1,0.8,0.0001,0.01,0.0,0.9,500,4,1,53,37,100000.0,300.0,0.0,0.25,85000.0,0.3494565486907959,3,500.0,0.000976505,0.00024161
bump,287.0,1.4,1004.5000000000001,717.5000000000001,0.8,0.8,0.0001,0.01,0,0,100000,1,2,53,37,100000.0,300.0,0.0,0.25,85000.0,0.2690086364746094,2,1,inf,inf
bump,287.0,1.4,1004.5000000000001,717.5000000000001,0.8,0.8,0.0001,0.01,0,0,100000,1,2,53,37,100000.0,300.0,0.0,0.25,85000.0,0.2680087089538574,2,1,inf,inf
bump,287.0,1.4,1004.5000000000001,717.5000000000001,0.8,0.8,0.0001,0.01,0,0,100000,1,2,53,37,100000.0,300.0,0.0,0.25,85000.0,0.2690086364746094,2,1,inf,inf
bump,287.0,1.4,1004.5000000000001,717.5000000000001,0.8,0.8,0.0001,0.01,0,0,100000,2,2,53,37,100000.0,300.0,0.0,0.25,85000.0,1.1760225296020508,1,6250.0,0.00618092,0.000109499
bump,287.0,1.4,1004.5000000000001,717.5000000000001,0.8,0.8,0.0001,0.01,0,0,100000,2,2,53,37,100000.0,300.0,0.0,0.25,85000.0,1.2100303173065186,1,6250.0,0.00618092,0.000109499
bump,287.0,1.4,1004.5000000000001,717.5000000000001,0.8,0.8,0.0001,0.01,0,0,100000,2,2,53,37,100000.0,300.0,0.0,0.25,85000.0,1.2220327854156494,1,6250.0,0.00618092,0.000109499
bump,287.0,1.4,1004.5000000000001,717.5000000000001,0.8,0.8,0.0001,0.01,0,0,100000,3,2,53,37,100000.0,300.0,0.0,0.25,85000.0,1.659181833267212,1,6250.0,0.00617044,0.00010986
bump,287.0,1.4,1004.5000000000001,717.5000000000001,0.8,0.8,0.0001,0.01,0,0,100000,3,2,53,37,100000.0,300.0,0.0,0.25,85000.0,1.6681835651397705,1,6250.0,0.00617044,0.00010986
bump,287.0,1.4,1004.5000000000001,717.5000000000001,0.8,0.8,0.0001,0.01,0,0,100000,3,2,53,37,100000.0,300.0,0.0,0.25,85000.0,1.5433447360992432,1,6250.0,0.00617044,0.00010986
bump,287.0,1.4,1004.5000000000001,717.5000000000001,0.8,0.8,0.0001,0.01,0,0,100000,4,2,53,37,100000.0,300.0,0.0,0.25,85000.0,2.011584997177124,1,6250.0,0.0061443,0.000109781
bump,287.0,1.4,1004.5000000000001,717.5000000000001,0.8,0.8,0.0001,0.01,0,0,100000,4,2,53,37,100000.0,300.0,0.0,0.25,85000.0,2.0155858993530273,1,6250.0,0.0061443,0.000109781
bump,287.0,1.4,1004.5000000000001,717.5000000000001,0.8,0.8,0.0001,0.01,0,0,100000,4,2,53,37,100000.0,300.0,0.0,0.25,85000.0,1.9825785160064697,1,6250.0,0.0061443,0.000109781
bump,287.0,1.4,1004.5000000000001,717.5000000000001,0.8,0.8,0.0001,0.01,0,0,100000,5,2,53,37,100000.0,300.0,0.0,0.25,85000.0,2.4226770401000977,1,6250.0,0.00614688,0.000109775
bump,287.0,1.4,1004.5000000000001,717.5000000000001,0.8,0.8,0.0001,0.01,0,0,100000,5,2,53,37,100000.0,300.0,0.0,0.25,85000.0,2.4286787509918213,1,6250.0,0.00614688,0.000109775
bump,287.0,1.4,1004.5000000000001,717.5000000000001,0.8,0.8,0.0001,0.01,0,0,100000,5,2,53,37,100000.0,300.0,0.0,0.25,85000.0,2.400392532348633,1,6250.0,0.00614688,0.000109775
bump,287.0,1.4,1004.5000000000001,717.5000000000001,1.0,0.8,0.0001,0.01,0,0,100000,1,2,53,37,100000.0,300.0,0.0,0.25,85000.0,1.0071938037872314,2,1,inf,inf
bump,287.0,1.4,1004.5000000000001,717.5000000000001,1.0,0.8,0.0001,0.01,0,0,100000,1,2,53,37,100000.0,300.0,0.0,0.25,85000.0,1.0151965618133545,2,1,inf,inf
bump,287.0,1.4,1004.5000000000001,717.5000000000001,1.0,0.8,0.0001,0.01,0,0,100000,1,2,53,37,100000.0,300.0,0.0,0.25,85000.0,1.0151965618133545,2,1,inf,inf
bump,287.0,1.4,1004.5000000000001,717.5000000000001,1.0,0.8,0.0001,0.01,0,0,100000,3,2,53,37,100000.0,300.0,0.0,0.25,85000.0,2.3795008659362793,1,6000.0,0.00826387,0.000142945
bump,287.0,1.4,1004.5000000000001,717.5000000000001,1.0,0.8,0.0001,0.01,0,0,100000,3,2,53,37,100000.0,300.0,0.0,0.25,85000.0,2.388007879257202,1,6000.0,0.00826387,0.000142945
bump,287.0,1.4,1004.5000000000001,717.5000000000001,1.0,0.8,0.0001,0.01,0,0,100000,3,2,53,37,100000.0,300.0,0.0,0.25,85000.0,1.5208444595336914,1,6000.0,0.00826387,0.000142945
bump,287.0,1.4,1004.5000000000001,717.5000000000001,1.0,0.8,0.0001,0.01,0,0,100000,4,2,53,37,100000.0,300.0,0.0,0.25,85000.0,1.980947494506836,1,6000.0,0.00817125,0.000142701
bump,287.0,1.4,1004.5000000000001,717.5000000000001,1.0,0.8,0.0001,0.01,0,0,100000,4,2,53,37,100000.0,300.0,0.0,0.25,85000.0,1.9969518184661865,1,6000.0,0.00817125,0.000142701
bump,287.0,1.4,1004.5000000000001,717.5000000000001,1.0,0.8,0.0001,0.01,0,0,100000,4,2,53,37,100000.0,300.0,0.0,0.25,85000.0,1.925429105758667,1,6000.0,0.00817125,0.000142701
bump,287.0,1.4,1004.5000000000001,717.5000000000001,1.0,0.8,0.0001,0.01,0,0,100000,5,2,53,37,100000.0,300.0,0.0,0.25,85000.0,2.39253306388855,1,6000.0,0.00818293,0.000142712
bump,287.0,1.4,1004.5000000000001,717.5000000000001,1.0,0.8,0.0001,0.01,0,0,100000,5,2,53,37,100000.0,300.0,0.0,0.25,85000.0,2.704603910446167,1,6000.0,0.00818293,0.000142712
bump,287.0,1.4,1004.5000000000001,717.5000000000001,1.0,0.8,0.0001,0.01,0,0,100000,5,2,53,37,100000.0,300.0,0.0,0.25,85000.0,2.3455240726470947,1,6000.0,0.00818293,0.000142712
bump,287.0,1.4,1004.5000000000001,717.5000000000001,1.0,0.8,0.0001,0.01,0,0,100000,2,2,53,37,100000.0,300.0,0.0,0.25,85000.0,15.775000810623169,3,100000.0,0.282247,0.00926844
bump,287.0,1.4,1004.5000000000001,717.5000000000001,1.0,0.8,0.0001,0.01,0,0,100000,2,2,53,37,100000.0,300.0,0.0,0.25,85000.0,16.067065000534058,3,100000.0,0.282247,0.00926844
bump,287.0,1.4,1004.5000000000001,717.5000000000001,1.0,0.8,0.0001,0.01,0,0,100000,2,2,53,37,100000.0,300.0,0.0,0.25,85000.0,16.073066234588623,3,100000.0,0.282247,0.00926844
bump,287.0,1.4,1004.5000000000001,717.5000000000001,1.05,0.8,0.0001,0.01,0,0,100000,1,2,53,37,100000.0,300.0,0.0,0.25,85000.0,0.325655460357666,2,1,inf,inf
bump,287.0,1.4,1004.5000000000001,717.5000000000001,1.05,0.8,0.0001,0.01,0,0,100000,1,2,53,37,100000.0,300.0,0.0,0.25,85000.0,0.3286566734313965,2,1,inf,inf
bump,287.0,1.4,1004.5000000000001,717.5000000000001,1.05,0.8,0.0001,0.01,0,0,100000,1,2,53,37,100000.0,300.0,0.0,0.25,85000.0,0.32965731620788574,2,1,inf,inf
bump,287.0,1.4,1004.5000000000001,717.5000000000001,1.05,0.8,0.0001,0.01,0,0,100000,2,2,53,37,100000.0,300.0,0.0,0.25,85000.0,0.4056735038757324,2,550.0,0.415176,0.0229254
bump,287.0,1.4,1004.5000000000001,717.5000000000001,1.05,0.8,0.0001,0.01,0,0,100000,2,2,53,37,100000.0,300.0,0.0,0.25,85000.0,0.41867566108703613,2,550.0,0.415176,0.0229254
bump,287.0,1.4,1004.5000000000001,717.5000000000001,1.05,0.8,0.0001,0.01,0,0,100000,2,2,53,37,100000.0,300.0,0.0,0.25,85000.0,0.4216768741607666,2,550.0,0.415176,0.0229254
bump,287.0,1.4,1004.5000000000001,717.5000000000001,1.05,0.8,0.0001,0.01,0,0,100000,3,2,53,37,100000.0,300.0,0.0,0.25,85000.0,1.6589529514312744,1,5950.0,0.00886283,0.000151703
bump,287.0,1.4,1004.5000000000001,717.5000000000001,1.05,0.8,0.0001,0.01,0,0,100000,3,2,53,37,100000.0,300.0,0.0,0.25,85000.0,1.6759562492370605,1,5950.0,0.00886283,0.000151703
bump,287.0,1.4,1004.5000000000001,717.5000000000001,1.05,0.8,0.0001,0.01,0,0,100000,3,2,53,37,100000.0,300.0,0.0,0.25,85000.0,1.4863314628601074,1,5950.0,0.00886283,0.000151703
bump,287.0,1.4,1004.5000000000001,717.5000000000001,1.05,0.8,0.0001,0.01,0,0,100000,4,2,53,37,100000.0,300.0,0.0,0.25,85000.0,1.9124267101287842,1,5950.0,0.00875111,0.000151431
bump,287.0,1.4,1004.5000000000001,717.5000000000001,1.05,0.8,0.0001,0.01,0,0,100000,4,2,53,37,100000.0,300.0,0.0,0.25,85000.0,1.9304304122924805,1,5950.0,0.00875111,0.000151431
bump,287.0,1.4,1004.5000000000001,717.5000000000001,1.05,0.8,0.0001,0.01,0,0,100000,4,2,53,37,100000.0,300.0,0.0,0.25,85000.0,1.9004242420196533,1,5950.0,0.00875111,0.000151431
bump,287.0,1.4,1004.5000000000001,717.5000000000001,1.05,0.8,0.0001,0.01,0,0,100000,5,2,53,37,100000.0,300.0,0.0,0.25,85000.0,2.3565258979797363,1,5950.0,0.00876548,0.000151448
bump,287.0,1.4,1004.5000000000001,717.5000000000001,1.05,0.8,0.0001,0.01,0,0,100000,5,2,53,37,100000.0,300.0,0.0,0.25,85000.0,2.3565258979797363,1,5950.0,0.00876548,0.000151448
bump,287.0,1.4,1004.5000000000001,717.5000000000001,1.05,0.8,0.0001,0.01,0,0,100000,5,2,53,37,100000.0,300.0,0.0,0.25,85000.0,2.312516450881958,1,5950.0,0.00876548,0.000151448
bump,287.0,1.4,1004.5000000000001,717.5000000000001,1.1,0.8,0.0001,0.01,0,0,100000,1,2,53,37,100000.0,300.0,0.0,0.25,85000.0,0.2520580291748047,2,1,inf,inf
bump,287.0,1.4,1004.5000000000001,717.5000000000001,1.1,0.8,0.0001,0.01,0,0,100000,1,2,53,37,100000.0,300.0,0.0,0.25,85000.0,0.25305819511413574,2,1,inf,inf
bump,287.0,1.4,1004.5000000000001,717.5000000000001,1.1,0.8,0.0001,0.01,0,0,100000,1,2,53,37,100000.0,300.0,0.0,0.25,85000.0,0.25505971908569336,2,1,inf,inf
bump,287.0,1.4,1004.5000000000001,717.5000000000001,1.1,0.8,0.0001,0.01,0,0,100000,2,2,53,37,100000.0,300.0,0.0,0.25,85000.0,0.26406168937683105,2,50.0,0.374104,0.0083886
bump,287.0,1.4,1004.5000000000001,717.5000000000001,1.1,0.8,0.0001,0.01,0,0,100000,2,2,53,37,100000.0,300.0,0.0,0.25,85000.0,0.26406168937683105,2,50.0,0.374104,0.0083886
bump,287.0,1.4,1004.5000000000001,717.5000000000001,1.1,0.8,0.0001,0.01,0,0,100000,2,2,53,37,100000.0,300.0,0.0,0.25,85000.0,0.2680625915527344,2,50.0,0.374104,0.0083886
bump,287.0,1.4,1004.5000000000001,717.5000000000001,1.1,0.8,0.0001,0.01,0,0,100000,3,2,53,37,100000.0,300.0,0.0,0.25,85000.0,1.6033601760864258,1,5900.0,0.00948092,0.000160702
bump,287.0,1.4,1004.5000000000001,717.5000000000001,1.1,0.8,0.0001,0.01,0,0,100000,3,2,53,37,100000.0,300.0,0.0,0.25,85000.0,1.607361078262329,1,5900.0,0.00948092,0.000160702
bump,287.0,1.4,1004.5000000000001,717.5000000000001,1.1,0.8,0.0001,0.01,0,0,100000,3,2,53,37,100000.0,300.0,0.0,0.25,85000.0,1.5013375282287598,1,5900.0,0.00948092,0.000160702
bump,287.0,1.4,1004.5000000000001,717.5000000000001,1.1,0.8,0.0001,0.01,0,0,100000,4,2,53,37,100000.0,300.0,0.0,0.25,85000.0,1.9394354820251465,1,5900.0,0.00934764,0.000160322
bump,287.0,1.4,1004.5000000000001,717.5000000000001,1.1,0.8,0.0001,0.01,0,0,100000,4,2,53,37,100000.0,300.0,0.0,0.25,85000.0,1.957439661026001,1,5900.0,0.00934764,0.000160322
bump,287.0,1.4,1004.5000000000001,717.5000000000001,1.1,0.8,0.0001,0.01,0,0,100000,4,2,53,37,100000.0,300.0,0.0,0.25,85000.0,1.9534392356872559,1,5900.0,0.00934764,0.000160322
bump,287.0,1.4,1004.5000000000001,717.5000000000001,1.1,0.8,0.0001,0.01,0,0,100000,5,2,53,37,100000.0,300.0,0.0,0.25,85000.0,2.3525280952453613,1,5900.0,0.00936502,0.000160345
bump,287.0,1.4,1004.5000000000001,717.5000000000001,1.1,0.8,0.0001,0.01,0,0,100000,5,2,53,37,100000.0,300.0,0.0,0.25,85000.0,2.3793272972106934,1,5900.0,0.00936502,0.000160345
bump,287.0,1.4,1004.5000000000001,717.5000000000001,1.1,0.8,0.0001,0.01,0,0,100000,5,2,53,37,100000.0,300.0,0.0,0.25,85000.0,2.357290744781494,1,5900.0,0.00936502,0.000160345
bump,287.0,1.4,1004.5000000000001,717.5000000000001,1.5,0.8,0.0001,0.01,0,0,100000,1,2,53,37,100000.0,300.0,0.0,0.25,85000.0,0.26377367973327637,2,1,inf,inf
bump,287.0,1.4,1004.5000000000001,717.5000000000001,1.5,0.8,0.0001,0.01,0,0,100000,1,2,53,37,100000.0,300.0,0.0,0.25,85000.0,0.2627711296081543,2,1,inf,inf
bump,287.0,1.4,1004.5000000000001,717.5000000000001,1.5,0.8,0.0001,0.01,0,0,100000,3,2,53,37,100000.0,300.0,0.0,0.25,85000.0,0.26377129554748535,2,1,inf,inf
bump,287.0,1.4,1004.5000000000001,717.5000000000001,1.5,0.8,0.0001,0.01,0,0,100000,1,2,53,37,100000.0,300.0,0.0,0.25,85000.0,0.2627711296081543,2,1,inf,inf
bump,287.0,1.4,1004.5000000000001,717.5000000000001,1.5,0.8,0.0001,0.01,0,0,100000,2,2,53,37,100000.0,300.0,0.0,0.25,85000.0,0.26577091217041016,2,1,inf,inf
bump,287.0,1.4,1004.5000000000001,717.5000000000001,1.5,0.8,0.0001,0.01,0,0,100000,3,2,53,37,100000.0,300.0,0.0,0.25,85000.0,0.2697751522064209,2,1,inf,inf
bump,287.0,1.4,1004.5000000000001,717.5000000000001,1.5,0.8,0.0001,0.01,0,0,100000,2,2,53,37,100000.0,300.0,0.0,0.25,85000.0,0.2697751522064209,2,1,inf,inf
bump,287.0,1.4,1004.5000000000001,717.5000000000001,1.5,0.8,0.0001,0.01,0,0,100000,2,2,53,37,100000.0,300.0,0.0,0.25,85000.0,0.2697751522064209,2,1,inf,inf
bump,287.0,1.4,1004.5000000000001,717.5000000000001,1.5,0.8,0.0001,0.01,0,0,100000,3,2,53,37,100000.0,300.0,0.0,0.25,85000.0,0.18804597854614258,2,1,inf,inf
bump,287.0,1.4,1004.5000000000001,717.5000000000001,1.5,0.8,0.0001,0.01,0,0,100000,4,2,53,37,100000.0,300.0,0.0,0.25,85000.0,0.18904590606689453,2,1,inf,inf
bump,287.0,1.4,1004.5000000000001,717.5000000000001,1.5,0.8,0.0001,0.01,0,0,100000,4,2,53,37,100000.0,300.0,0.0,0.25,85000.0,0.18804144859313965,2,1,inf,inf
bump,287.0,1.4,1004.5000000000001,717.5000000000001,1.5,0.8,0.0001,0.01,0,0,100000,4,2,53,37,100000.0,300.0,0.0,0.25,85000.0,0.18804144859313965,2,1,inf,inf
bump,287.0,1.4,1004.5000000000001,717.5000000000001,1.5,0.8,0.0001,0.01,0,0,100000,5,2,53,37,100000.0,300.0,0.0,0.25,85000.0,0.16803836822509766,2,1,inf,inf
bump,287.0,1.4,1004.5000000000001,717.5000000000001,1.5,0.8,0.0001,0.01,0,0,100000,5,2,53,37,100000.0,300.0,0.0,0.25,85000.0,0.18304157257080078,2,1,inf,inf
bump,287.0,1.4,1004.5000000000001,717.5000000000001,1.5,0.8,0.0001,0.01,0,0,100000,5,2,53,37,100000.0,300.0,0.0,0.25,85000.0,0.18304157257080078,2,1,inf,inf
bump,287.0,1.4,1004.5000000000001,717.5000000000001,3.0,0.8,0.0001,0.01,0,0,100000,3,2,53,37,100000.0,300.0,0.0,0.25,85000.0,0.2630641460418701,2,1,inf,inf
bump,287.0,1.4,1004.5000000000001,717.5000000000001,3.0,0.8,0.0001,0.01,0,0,100000,2,2,53,37,100000.0,300.0,0.0,0.25,85000.0,0.26206350326538086,2,1,inf,inf
bump,287.0,1.4,1004.5000000000001,717.5000000000001,3.0,0.8,0.0001,0.01,0,0,100000,2,2,53,37,100000.0,300.0,0.0,0.25,85000.0,0.2630641460418701,2,1,inf,inf
bump,287.0,1.4,1004.5000000000001,717.5000000000001,3.0,0.8,0.0001,0.01,0,0,100000,3,2,53,37,100000.0,300.0,0.0,0.25,85000.0,0.26206350326538086,2,1,inf,inf
bump,287.0,1.4,1004.5000000000001,717.5000000000001,3.0,0.8,0.0001,0.01,0,0,100000,1,2,53,37,100000.0,300.0,0.0,0.25,85000.0,0.26906514167785645,2,1,inf,inf
bump,287.0,1.4,1004.5000000000001,717.5000000000001,3.0,0.8,0.0001,0.01,0,0,100000,1,2,53,37,100000.0,300.0,0.0,0.25,85000.0,0.26906514167785645,2,1,inf,inf
bump,287.0,1.4,1004.5000000000001,717.5000000000001,3.0,0.8,0.0001,0.01,0,0,100000,2,2,53,37,100000.0,300.0,0.0,0.25,85000.0,0.2680644989013672,2,1,inf,inf
bump,287.0,1.4,1004.5000000000001,717.5000000000001,3.0,0.8,0.0001,0.01,0,0,100000,1,2,53,37,100000.0,300.0,0.0,0.25,85000.0,0.2680644989013672,2,1,inf,inf
bump,287.0,1.4,1004.5000000000001,717.5000000000001,3.0,0.8,0.0001,0.01,0,0,100000,4,2,53,37,100000.0,300.0,0.0,0.25,85000.0,0.17204022407531738,2,1,inf,inf
bump,287.0,1.4,1004.5000000000001,717.5000000000001,3.0,0.8,0.0001,0.01,0,0,100000,3,2,53,37,100000.0,300.0,0.0,0.25,85000.0,0.17204022407531738,2,1,inf,inf
bump,287.0,1.4,1004.5000000000001,717.5000000000001,3.0,0.8,0.0001,0.01,0,0,100000,4,2,53,37,100000.0,300.0,0.0,0.25,85000.0,0.1620349884033203,2,1,inf,inf
bump,287.0,1.4,1004.5000000000001,717.5000000000001,3.0,0.8,0.0001,0.01,0,0,100000,5,2,53,37,100000.0,300.0,0.0,0.25,85000.0,0.1580352783203125,2,1,inf,inf
bump,287.0,1.4,1004.5000000000001,717.5000000000001,3.0,0.8,0.0001,0.01,0,0,100000,4,2,53,37,100000.0,300.0,0.0,0.25,85000.0,0.17003846168518066,2,1,inf,inf
bump,287.0,1.4,1004.5000000000001,717.5000000000001,3.0,0.8,0.0001,0.01,0,0,100000,5,2,53,37,100000.0,300.0,0.0,0.25,85000.0,0.16803789138793945,2,1,inf,inf
bump,287.0,1.4,1004.5000000000001,717.5000000000001,3.0,0.8,0.0001,0.01,0,0,100000,5,2,53,37,100000.0,300.0,0.0,0.25,85000.0,0.16803789138793945,2,1,inf,inf
bump,287.0,1.4,1004.5000000000001,717.5000000000001,1.2,0.8,0.0001,0.01,0,0,100000,1,2,53,37,100000.0,300.0,0.0,0.25,85000.0,0.25305628776550293,2,1,inf,inf
bump,287.0,1.4,1004.5000000000001,717.5000000000001,1.2,0.8,0.0001,0.01,0,0,100000,1,2,53,37,100000.0,300.0,0.0,0.25,85000.0,0.2540566921234131,2,1,inf,inf
bump,287.0,1.4,1004.5000000000001,717.5000000000001,1.2,0.8,0.0001,0.01,0,0,100000,1,2,53,37,100000.0,300.0,0.0,0.25,85000.0,0.25305628776550293,2,1,inf,inf
bump,287.0,1.4,1004.5000000000001,717.5000000000001,1.2,0.8,0.0001,0.01,0,0,100000,2,2,53,37,100000.0,300.0,0.0,0.25,85000.0,0.26805996894836426,2,50.0,2.05528e+29,nan
bump,287.0,1.4,1004.5000000000001,717.5000000000001,1.2,0.8,0.0001,0.01,0,0,100000,2,2,53,37,100000.0,300.0,0.0,0.25,85000.0,0.2690603733062744,2,50.0,2.05528e+29,nan
bump,287.0,1.4,1004.5000000000001,717.5000000000001,1.2,0.8,0.0001,0.01,0,0,100000,2,2,53,37,100000.0,300.0,0.0,0.25,85000.0,0.26806020736694336,2,50.0,2.05528e+29,nan
bump,287.0,1.4,1004.5000000000001,717.5000000000001,1.2,0.8,0.0001,0.01,0,0,100000,3,2,53,37,100000.0,300.0,0.0,0.25,85000.0,0.31507182121276855,2,250.0,0.0151988,nan
bump,287.0,1.4,1004.5000000000001,717.5000000000001,1.2,0.8,0.0001,0.01,0,0,100000,3,2,53,37,100000.0,300.0,0.0,0.25,85000.0,0.31707191467285156,2,250.0,0.0151988,nan
bump,287.0,1.4,1004.5000000000001,717.5000000000001,1.2,0.8,0.0001,0.01,0,0,100000,3,2,53,37,100000.0,300.0,0.0,0.25,85000.0,0.2287454605102539,2,250.0,0.0151988,nan
bump,287.0,1.4,1004.5000000000001,717.5000000000001,1.2,0.8,0.0001,0.01,0,0,100000,4,2,53,37,100000.0,300.0,0.0,0.25,85000.0,0.2557528018951416,2,250.0,0.211935,0.00282538
bump,287.0,1.4,1004.5000000000001,717.5000000000001,1.2,0.8,0.0001,0.01,0,0,100000,4,2,53,37,100000.0,300.0,0.0,0.25,85000.0,0.2540576457977295,2,250.0,0.211935,0.00282538
bump,287.0,1.4,1004.5000000000001,717.5000000000001,1.2,0.8,0.0001,0.01,0,0,100000,4,2,53,37,100000.0,300.0,0.0,0.25,85000.0,0.25305795669555664,2,250.0,0.211935,0.00282538
bump,287.0,1.4,1004.5000000000001,717.5000000000001,1.2,0.8,0.0001,0.01,0,0,100000,5,2,53,37,100000.0,300.0,0.0,0.25,85000.0,0.26605916023254395,2,250.0,0.311373,0.0046738
bump,287.0,1.4,1004.5000000000001,717.5000000000001,1.2,0.8,0.0001,0.01,0,0,100000,5,2,53,37,100000.0,300.0,0.0,0.25,85000.0,0.2620582580566406,2,250.0,0.311373,0.0046738
bump,287.0,1.4,1004.5000000000001,717.5000000000001,1.2,0.8,0.0001,0.01,0,0,100000,5,2,53,37,100000.0,300.0,0.0,0.25,85000.0,0.2620582580566406,2,250.0,0.311373,0.0046738
bump,287.0,1.4,1004.5000000000001,717.5000000000001,1.15,0.8,0.0001,0.01,0,0,100000,1,2,53,37,100000.0,300.0,0.0,0.25,85000.0,0.24037671089172363,2,1,inf,inf
bump,287.0,1.4,1004.5000000000001,717.5000000000001,1.15,0.8,0.0001,0.01,0,0,100000,1,2,53,37,100000.0,300.0,0.0,0.25,85000.0,0.241377592086792,2,1,inf,inf
bump,287.0,1.4,1004.5000000000001,717.5000000000001,1.15,0.8,0.0001,0.01,0,0,100000,1,2,53,37,100000.0,300.0,0.0,0.25,85000.0,0.243377685546875,2,1,inf,inf
bump,287.0,1.4,1004.5000000000001,717.5000000000001,1.15,0.8,0.0001,0.01,0,0,100000,2,2,53,37,100000.0,300.0,0.0,0.25,85000.0,0.256380558013916,2,50.0,3.77871,0.0437759
bump,287.0,1.4,1004.5000000000001,717.5000000000001,1.15,0.8,0.0001,0.01,0,0,100000,2,2,53,37,100000.0,300.0,0.0,0.25,85000.0,0.2563812732696533,2,50.0,3.77871,0.0437759
bump,287.0,1.4,1004.5000000000001,717.5000000000001,1.15,0.8,0.0001,0.01,0,0,100000,2,2,53,37,100000.0,300.0,0.0,0.25,85000.0,0.2433784008026123,2,50.0,3.77871,0.0437759
bump,287.0,1.4,1004.5000000000001,717.5000000000001,1.15,0.8,0.0001,0.01,0,0,100000,3,2,53,37,100000.0,300.0,0.0,0.25,85000.0,1.5686733722686768,1,5850.0,0.0101186,0.000169922
bump,287.0,1.4,1004.5000000000001,717.5000000000001,1.15,0.8,0.0001,0.01,0,0,100000,3,2,53,37,100000.0,300.0,0.0,0.25,85000.0,1.554671049118042,1,5850.0,0.0101186,0.000169922
bump,287.0,1.4,1004.5000000000001,717.5000000000001,1.15,0.8,0.0001,0.01,0,0,100000,3,2,53,37,100000.0,300.0,0.0,0.25,85000.0,1.50333571434021,1,5850.0,0.0101186,0.000169922
bump,287.0,1.4,1004.5000000000001,717.5000000000001,1.15,0.8,0.0001,0.01,0,0,100000,4,2,53,37,100000.0,300.0,0.0,0.25,85000.0,1.9264299869537354,1,5850.0,0.00996074,0.000169388
bump,287.0,1.4,1004.5000000000001,717.5000000000001,1.15,0.8,0.0001,0.01,0,0,100000,4,2,53,37,100000.0,300.0,0.0,0.25,85000.0,1.935431957244873,1,5850.0,0.00996074,0.000169388
bump,287.0,1.4,1004.5000000000001,717.5000000000001,1.15,0.8,0.0001,0.01,0,0,100000,4,2,53,37,100000.0,300.0,0.0,0.25,85000.0,1.935431957244873,1,5850.0,0.00996074,0.000169388
bump,287.0,1.4,1004.5000000000001,717.5000000000001,1.15,0.8,0.0001,0.01,0,0,100000,5,2,53,37,100000.0,300.0,0.0,0.25,85000.0,2.337026357650757,1,5850.0,0.0099816,0.000169422
bump,287.0,1.4,1004.5000000000001,717.5000000000001,1.15,0.8,0.0001,0.01,0,0,100000,5,2,53,37,100000.0,300.0,0.0,0.25,85000.0,2.3570311069488525,1,5850.0,0.0099816,0.000169422
bump,287.0,1.4,1004.5000000000001,717.5000000000001,1.15,0.8,0.0001,0.01,0,0,100000,5,2,53,37,100000.0,300.0,0.0,0.25,85000.0,2.232224464416504,1,5850.0,0.0099816,0.000169422
bump,287.0,1.4,1004.5000000000001,717.5000000000001,1.3,0.8,0.0001,0.01,0,0,100000,1,2,53,37,100000.0,300.0,0.0,0.25,85000.0,0.19763708114624023,2,1,inf,inf
bump,287.0,1.4,1004.5000000000001,717.5000000000001,1.3,0.8,0.0001,0.01,0,0,100000,1,2,53,37,100000.0,300.0,0.0,0.25,85000.0,0.20363879203796387,2,1,inf,inf
bump,287.0,1.4,1004.5000000000001,717.5000000000001,1.3,0.8,0.0001,0.01,0,0,100000,1,2,53,37,100000.0,300.0,0.0,0.25,85000.0,0.20363879203796387,2,1,inf,inf
bump,287.0,1.4,1004.5000000000001,717.5000000000001,1.3,0.8,0.0001,0.01,0,0,100000,2,2,53,37,100000.0,300.0,0.0,0.25,85000.0,0.2160491943359375,2,1,inf,inf
bump,287.0,1.4,1004.5000000000001,717.5000000000001,1.3,0.8,0.0001,0.01,0,0,100000,2,2,53,37,100000.0,300.0,0.0,0.25,85000.0,0.21705007553100586,2,1,inf,inf
bump,287.0,1.4,1004.5000000000001,717.5000000000001,1.3,0.8,0.0001,0.01,0,0,100000,2,2,53,37,100000.0,300.0,0.0,0.25,85000.0,0.2250504493713379,2,1,inf,inf
bump,287.0,1.4,1004.5000000000001,717.5000000000001,1.3,0.8,0.0001,0.01,0,0,100000,3,2,53,37,100000.0,300.0,0.0,0.25,85000.0,0.23005199432373047,2,50.0,5.38341e+27,nan
bump,287.0,1.4,1004.5000000000001,717.5000000000001,1.3,0.8,0.0001,0.01,0,0,100000,3,2,53,37,100000.0,300.0,0.0,0.25,85000.0,0.23305344581604004,2,50.0,5.38341e+27,nan
bump,287.0,1.4,1004.5000000000001,717.5000000000001,1.3,0.8,0.0001,0.01,0,0,100000,3,2,53,37,100000.0,300.0,0.0,0.25,85000.0,0.15003728866577148,2,50.0,5.38341e+27,nan
bump,287.0,1.4,1004.5000000000001,717.5000000000001,1.3,0.8,0.0001,0.01,0,0,100000,4,2,53,37,100000.0,300.0,0.0,0.25,85000.0,0.1690375804901123,2,50.0,6.98526e+27,nan
bump,287.0,1.4,1004.5000000000001,717.5000000000001,1.3,0.8,0.0001,0.01,0,0,100000,4,2,53,37,100000.0,300.0,0.0,0.25,85000.0,0.16403627395629883,2,50.0,6.98526e+27,nan
bump,287.0,1.4,1004.5000000000001,717.5000000000001,1.3,0.8,0.0001,0.01,0,0,100000,4,2,53,37,100000.0,300.0,0.0,0.25,85000.0,0.16503643989562988,2,50.0,6.98526e+27,nan
bump,287.0,1.4,1004.5000000000001,717.5000000000001,1.3,0.8,0.0001,0.01,0,0,100000,5,2,53,37,100000.0,300.0,0.0,0.25,85000.0,0.17103910446166992,2,50.0,0.0,nan
bump,287.0,1.4,1004.5000000000001,717.5000000000001,1.3,0.8,0.0001,0.01,0,0,100000,5,2,53,37,100000.0,300.0,0.0,0.25,85000.0,0.17203831672668457,2,50.0,0.0,nan
bump,287.0,1.4,1004.5000000000001,717.5000000000001,1.3,0.8,0.0001,0.01,0,0,100000,5,2,53,37,100000.0,300.0,0.0,0.25,85000.0,0.2481238842010498,2,50.0,0.0,nan
