casename,rgas,gam,cp,cv,cfl,sfac,sfac_res,d_max,d_var,facsec,fcorr,nsteps,nrkuts,guess_method,tstep_method,ni,nj,pstag,tstag,alpha,rfin,p,dt,converged,iterations,dro_max,dro_avg
bump,287.0,1.4,1004.5000000000001,717.5000000000001,0.1,0.13333333333333333,0.5,0.0001,0.01,0.0,0.8,100000,4,1,2,10,37,100000.0,300.0,0.0,0.25,85000.0,1.284278154373169,1,11850.0,0.00131011,5.01891e-05
bump,287.0,1.4,1004.5000000000001,717.5000000000001,0.1,0.21666666666666667,0.5,0.0001,0.01,0.0,0.8,100000,4,1,2,10,37,100000.0,300.0,0.0,0.25,85000.0,1.4283103942871094,1,13050.0,0.00151311,4.87282e-05
bump,287.0,1.4,1004.5000000000001,717.5000000000001,0.1,0.13333333333333333,0.5,0.0001,0.01,0.0,0.8,100000,4,1,2,10,37,100000.0,300.0,0.0,0.25,85000.0,1.4693193435668945,1,11850.0,0.00131011,5.01891e-05
bump,287.0,1.4,1004.5000000000001,717.5000000000001,0.1,0.13333333333333333,0.5,0.0001,0.01,0.0,0.8,100000,4,1,2,10,37,100000.0,300.0,0.0,0.25,85000.0,1.524332046508789,1,11850.0,0.00131011,5.01891e-05
bump,287.0,1.4,1004.5000000000001,717.5000000000001,0.1,0.21666666666666667,0.5,0.0001,0.01,0.0,0.8,100000,4,1,2,10,37,100000.0,300.0,0.0,0.25,85000.0,1.5693421363830566,1,13050.0,0.00151311,4.87282e-05
bump,287.0,1.4,1004.5000000000001,717.5000000000001,0.1,0.05,0.5,0.0001,0.01,0.0,0.8,100000,4,1,2,10,37,100000.0,300.0,0.0,0.25,85000.0,1.7073743343353271,1,17450.0,0.00104784,4.82881e-05
bump,287.0,1.4,1004.5000000000001,717.5000000000001,0.1,0.05,0.5,0.0001,0.01,0.0,0.8,100000,4,1,2,10,37,100000.0,300.0,0.0,0.25,85000.0,1.7663862705230713,1,17450.0,0.00104784,4.82881e-05
bump,287.0,1.4,1004.5000000000001,717.5000000000001,0.1,0.05,0.5,0.0001,0.01,0.0,0.8,100000,4,1,2,10,37,100000.0,300.0,0.0,0.25,85000.0,1.9074175357818604,1,17450.0,0.00104784,4.82881e-05
bump,287.0,1.4,1004.5000000000001,717.5000000000001,0.1,0.21666666666666667,0.5,0.0001,0.01,0.0,0.8,100000,4,1,2,10,37,100000.0,300.0,0.0,0.25,85000.0,1.3963117599487305,1,13050.0,0.00151311,4.87282e-05
bump,287.0,1.4,1004.5000000000001,717.5000000000001,0.1,0.3,0.5,0.0001,0.01,0.0,0.8,100000,4,1,2,10,37,100000.0,300.0,0.0,0.25,85000.0,1.3913092613220215,1,13050.0,0.00168583,5.15581e-05
bump,287.0,1.4,1004.5000000000001,717.5000000000001,0.1,0.3,0.5,0.0001,0.01,0.0,0.8,100000,4,1,2,10,37,100000.0,300.0,0.0,0.25,85000.0,1.326296329498291,1,13050.0,0.00168583,5.15581e-05
bump,287.0,1.4,1004.5000000000001,717.5000000000001,0.1,0.3,0.5,0.0001,0.01,0.0,0.8,100000,4,1,2,10,37,100000.0,300.0,0.0,0.25,85000.0,1.4283173084259033,1,13050.0,0.00168583,5.15581e-05
bump,287.0,1.4,1004.5000000000001,717.5000000000001,0.1,0.3833333333333333,0.5,0.0001,0.01,0.0,0.8,100000,4,1,2,10,37,100000.0,300.0,0.0,0.25,85000.0,1.3953113555908203,1,13150.0,0.00185764,5.54534e-05
bump,287.0,1.4,1004.5000000000001,717.5000000000001,0.1,0.3833333333333333,0.5,0.0001,0.01,0.0,0.8,100000,4,1,2,10,37,100000.0,300.0,0.0,0.25,85000.0,1.4673268795013428,1,13150.0,0.00185764,5.54534e-05
bump,287.0,1.4,1004.5000000000001,717.5000000000001,0.1,0.4666666666666666,0.5,0.0001,0.01,0.0,0.8,100000,4,1,2,10,37,100000.0,300.0,0.0,0.25,85000.0,1.3142940998077393,1,13350.0,0.002028,5.9021e-05
bump,287.0,1.4,1004.5000000000001,717.5000000000001,0.1,0.3833333333333333,0.5,0.0001,0.01,0.0,0.8,100000,4,1,2,10,37,100000.0,300.0,0.0,0.25,85000.0,1.4543256759643555,1,13150.0,0.00185764,5.54534e-05
bump,287.0,1.4,1004.5000000000001,717.5000000000001,0.1,0.4666666666666666,0.5,0.0001,0.01,0.0,0.8,100000,4,1,2,10,37,100000.0,300.0,0.0,0.25,85000.0,2.0199456214904785,1,13350.0,0.002028,5.9021e-05
bump,287.0,1.4,1004.5000000000001,717.5000000000001,0.1,0.6333333333333333,0.5,0.0001,0.01,0.0,0.8,100000,4,1,2,10,37,100000.0,300.0,0.0,0.25,85000.0,1.9644787311553955,1,13300.0,0.00235685,6.55238e-05
bump,287.0,1.4,1004.5000000000001,717.5000000000001,0.1,0.4666666666666666,0.5,0.0001,0.01,0.0,0.8,100000,4,1,2,10,37,100000.0,300.0,0.0,0.25,85000.0,2.2953710556030273,1,13350.0,0.002028,5.9021e-05
bump,287.0,1.4,1004.5000000000001,717.5000000000001,0.1,0.55,0.5,0.0001,0.01,0.0,0.8,100000,4,1,2,10,37,100000.0,300.0,0.0,0.25,85000.0,2.17734432220459,1,13350.0,0.00219507,6.23209e-05
bump,287.0,1.4,1004.5000000000001,717.5000000000001,0.1,0.6333333333333333,0.5,0.0001,0.01,0.0,0.8,100000,4,1,2,10,37,100000.0,300.0,0.0,0.25,85000.0,1.9346489906311035,1,13300.0,0.00235685,6.55238e-05
bump,287.0,1.4,1004.5000000000001,717.5000000000001,0.1,0.55,0.5,0.0001,0.01,0.0,0.8,100000,4,1,2,10,37,100000.0,300.0,0.0,0.25,85000.0,2.270376682281494,1,13350.0,0.00219507,6.23209e-05
bump,287.0,1.4,1004.5000000000001,717.5000000000001,0.1,0.55,0.5,0.0001,0.01,0.0,0.8,100000,4,1,2,10,37,100000.0,300.0,0.0,0.25,85000.0,2.3713877201080322,1,13350.0,0.00219507,6.23209e-05
bump,287.0,1.4,1004.5000000000001,717.5000000000001,0.1,0.6333333333333333,0.5,0.0001,0.01,0.0,0.8,100000,4,1,2,10,37,100000.0,300.0,0.0,0.25,85000.0,2.0014657974243164,1,13300.0,0.00235685,6.55238e-05
bump,287.0,1.4,1004.5000000000001,717.5000000000001,0.1,0.7166666666666667,0.5,0.0001,0.01,0.0,0.8,100000,4,1,2,10,37,100000.0,300.0,0.0,0.25,85000.0,1.3316388130187988,1,13200.0,0.00251311,6.84102e-05
bump,287.0,1.4,1004.5000000000001,717.5000000000001,0.1,0.7166666666666667,0.5,0.0001,0.01,0.0,0.8,100000,4,1,2,10,37,100000.0,300.0,0.0,0.25,85000.0,1.30729079246521,1,13200.0,0.00251311,6.84102e-05
bump,287.0,1.4,1004.5000000000001,717.5000000000001,0.1,0.8,0.5,0.0001,0.01,0.0,0.8,100000,4,1,2,10,37,100000.0,300.0,0.0,0.25,85000.0,1.2722833156585693,1,12850.0,0.00266523,7.11504e-05
bump,287.0,1.4,1004.5000000000001,717.5000000000001,0.1,0.8,0.5,0.0001,0.01,0.0,0.8,100000,4,1,2,10,37,100000.0,300.0,0.0,0.25,85000.0,1.340299129486084,1,12850.0,0.00266523,7.11504e-05
bump,287.0,1.4,1004.5000000000001,717.5000000000001,0.1,0.7166666666666667,0.5,0.0001,0.01,0.0,0.8,100000,4,1,2,10,37,100000.0,300.0,0.0,0.25,85000.0,1.3853092193603516,1,13200.0,0.00251311,6.84102e-05
bump,287.0,1.4,1004.5000000000001,717.5000000000001,0.1,0.8,0.5,0.0001,0.01,0.0,0.8,100000,4,1,2,10,37,100000.0,300.0,0.0,0.25,85000.0,1.3483004570007324,1,12850.0,0.00266523,7.11504e-05
bump,287.0,1.4,1004.5000000000001,717.5000000000001,0.1,0.05,0.5,0.0001,0.01,0.0,0.8,100000,4,1,2,16,37,100000.0,300.0,0.0,0.25,85000.0,4.611027240753174,1,36800.0,0.000158912,6.93621e-06
bump,287.0,1.4,1004.5000000000001,717.5000000000001,0.1,0.05,0.5,0.0001,0.01,0.0,0.8,100000,4,1,2,16,37,100000.0,300.0,0.0,0.25,85000.0,4.641034126281738,1,36800.0,0.000158912,6.93621e-06
bump,287.0,1.4,1004.5000000000001,717.5000000000001,0.1,0.21666666666666667,0.5,0.0001,0.01,0.0,0.8,100000,4,1,2,16,37,100000.0,300.0,0.0,0.25,85000.0,2.4495465755462646,1,18700.0,0.000492614,1.39816e-05
bump,287.0,1.4,1004.5000000000001,717.5000000000001,0.1,0.21666666666666667,0.5,0.0001,0.01,0.0,0.8,100000,4,1,2,16,37,100000.0,300.0,0.0,0.25,85000.0,2.456547737121582,1,18700.0,0.000492614,1.39816e-05
bump,287.0,1.4,1004.5000000000001,717.5000000000001,0.1,0.13333333333333333,0.5,0.0001,0.01,0.0,0.8,100000,4,1,2,16,37,100000.0,300.0,0.0,0.25,85000.0,3.0676846504211426,1,23800.0,0.00031989,1.03551e-05
bump,287.0,1.4,1004.5000000000001,717.5000000000001,0.1,0.13333333333333333,0.5,0.0001,0.01,0.0,0.8,100000,4,1,2,16,37,100000.0,300.0,0.0,0.25,85000.0,3.084688663482666,1,23800.0,0.00031989,1.03551e-05
bump,287.0,1.4,1004.5000000000001,717.5000000000001,0.1,0.13333333333333333,0.5,0.0001,0.01,0.0,0.8,100000,4,1,2,16,37,100000.0,300.0,0.0,0.25,85000.0,3.059683084487915,1,23800.0,0.00031989,1.03551e-05
bump,287.0,1.4,1004.5000000000001,717.5000000000001,0.1,0.05,0.5,0.0001,0.01,0.0,0.8,100000,4,1,2,16,37,100000.0,300.0,0.0,0.25,85000.0,4.635033845901489,1,36800.0,0.000158912,6.93621e-06
bump,287.0,1.4,1004.5000000000001,717.5000000000001,0.1,0.3,0.5,0.0001,0.01,0.0,0.8,100000,4,1,2,16,37,100000.0,300.0,0.0,0.25,85000.0,2.2044920921325684,1,17000.0,0.000679582,1.7815e-05
bump,287.0,1.4,1004.5000000000001,717.5000000000001,0.1,0.3,0.5,0.0001,0.01,0.0,0.8,100000,4,1,2,16,37,100000.0,300.0,0.0,0.25,85000.0,2.190488576889038,1,17000.0,0.000679582,1.7815e-05
bump,287.0,1.4,1004.5000000000001,717.5000000000001,0.1,0.3,0.5,0.0001,0.01,0.0,0.8,100000,4,1,2,16,37,100000.0,300.0,0.0,0.25,85000.0,2.188488721847534,1,17000.0,0.000679582,1.7815e-05
bump,287.0,1.4,1004.5000000000001,717.5000000000001,0.1,0.21666666666666667,0.5,0.0001,0.01,0.0,0.8,100000,4,1,2,16,37,100000.0,300.0,0.0,0.25,85000.0,2.3985347747802734,1,18700.0,0.000492614,1.39816e-05
bump,287.0,1.4,1004.5000000000001,717.5000000000001,0.1,0.3833333333333333,0.5,0.0001,0.01,0.0,0.8,100000,4,1,2,16,37,100000.0,300.0,0.0,0.25,85000.0,2.1334757804870605,1,14550.0,0.000857382,2.151e-05
bump,287.0,1.4,1004.5000000000001,717.5000000000001,0.1,0.3833333333333333,0.5,0.0001,0.01,0.0,0.8,100000,4,1,2,16,37,100000.0,300.0,0.0,0.25,85000.0,2.132476568222046,1,14550.0,0.000857382,2.151e-05
bump,287.0,1.4,1004.5000000000001,717.5000000000001,0.1,0.3833333333333333,0.5,0.0001,0.01,0.0,0.8,100000,4,1,2,16,37,100000.0,300.0,0.0,0.25,85000.0,2.1274750232696533,1,14550.0,0.000857382,2.151e-05
bump,287.0,1.4,1004.5000000000001,717.5000000000001,0.1,0.4666666666666666,0.5,0.0001,0.01,0.0,0.8,100000,4,1,2,16,37,100000.0,300.0,0.0,0.25,85000.0,1.8084032535552979,1,13750.0,0.00102972,2.53495e-05
bump,287.0,1.4,1004.5000000000001,717.5000000000001,0.1,0.4666666666666666,0.5,0.0001,0.01,0.0,0.8,100000,4,1,2,16,37,100000.0,300.0,0.0,0.25,85000.0,1.8154058456420898,1,13750.0,0.00102972,2.53495e-05
bump,287.0,1.4,1004.5000000000001,717.5000000000001,0.1,0.55,0.5,0.0001,0.01,0.0,0.8,100000,4,1,2,16,37,100000.0,300.0,0.0,0.25,85000.0,1.720384120941162,1,13000.0,0.00119634,2.95062e-05
bump,287.0,1.4,1004.5000000000001,717.5000000000001,0.1,0.55,0.5,0.0001,0.01,0.0,0.8,100000,4,1,2,16,37,100000.0,300.0,0.0,0.25,85000.0,1.7173824310302734,1,13000.0,0.00119634,2.95062e-05
bump,287.0,1.4,1004.5000000000001,717.5000000000001,0.1,0.4666666666666666,0.5,0.0001,0.01,0.0,0.8,100000,4,1,2,16,37,100000.0,300.0,0.0,0.25,85000.0,1.8404109477996826,1,13750.0,0.00102972,2.53495e-05
bump,287.0,1.4,1004.5000000000001,717.5000000000001,0.1,0.6333333333333333,0.5,0.0001,0.01,0.0,0.8,100000,4,1,2,16,37,100000.0,300.0,0.0,0.25,85000.0,1.7373878955841064,1,12900.0,0.00135616,3.37028e-05
bump,287.0,1.4,1004.5000000000001,717.5000000000001,0.1,0.55,0.5,0.0001,0.01,0.0,0.8,100000,4,1,2,16,37,100000.0,300.0,0.0,0.25,85000.0,1.757392406463623,1,13000.0,0.00119634,2.95062e-05
bump,287.0,1.4,1004.5000000000001,717.5000000000001,0.1,0.6333333333333333,0.5,0.0001,0.01,0.0,0.8,100000,4,1,2,16,37,100000.0,300.0,0.0,0.25,85000.0,1.7203845977783203,1,12900.0,0.00135616,3.37028e-05
bump,287.0,1.4,1004.5000000000001,717.5000000000001,0.1,0.6333333333333333,0.5,0.0001,0.01,0.0,0.8,100000,4,1,2,16,37,100000.0,300.0,0.0,0.25,85000.0,1.7233223915100098,1,12900.0,0.00135616,3.37028e-05
bump,287.0,1.4,1004.5000000000001,717.5000000000001,0.1,0.7166666666666667,0.5,0.0001,0.01,0.0,0.8,100000,4,1,2,16,37,100000.0,300.0,0.0,0.25,85000.0,1.6333637237548828,1,12300.0,0.00151101,3.74826e-05
bump,287.0,1.4,1004.5000000000001,717.5000000000001,0.1,0.7166666666666667,0.5,0.0001,0.01,0.0,0.8,100000,4,1,2,16,37,100000.0,300.0,0.0,0.25,85000.0,1.6243610382080078,1,12300.0,0.00151101,3.74826e-05
bump,287.0,1.4,1004.5000000000001,717.5000000000001,0.1,0.7166666666666667,0.5,0.0001,0.01,0.0,0.8,100000,4,1,2,16,37,100000.0,300.0,0.0,0.25,85000.0,1.6623709201812744,1,12300.0,0.00151101,3.74826e-05
bump,287.0,1.4,1004.5000000000001,717.5000000000001,0.1,0.8,0.5,0.0001,0.01,0.0,0.8,100000,4,1,2,16,37,100000.0,300.0,0.0,0.25,85000.0,1.6143603324890137,1,12150.0,0.00165929,4.086e-05
bump,287.0,1.4,1004.5000000000001,717.5000000000001,0.1,0.8,0.5,0.0001,0.01,0.0,0.8,100000,4,1,2,16,37,100000.0,300.0,0.0,0.25,85000.0,1.635366678237915,1,12150.0,0.00165929,4.086e-05
bump,287.0,1.4,1004.5000000000001,717.5000000000001,0.1,0.8,0.5,0.0001,0.01,0.0,0.8,100000,4,1,2,16,37,100000.0,300.0,0.0,0.25,85000.0,1.6473677158355713,1,12150.0,0.00165929,4.086e-05
bump,287.0,1.4,1004.5000000000001,717.5000000000001,0.1,0.05,0.5,0.0001,0.01,0.0,0.8,100000,4,1,2,27,37,100000.0,300.0,0.0,0.25,85000.0,9.98023772239685,1,54650.0,0.000100046,2.79017e-06
bump,287.0,1.4,1004.5000000000001,717.5000000000001,0.1,0.21666666666666667,0.5,0.0001,0.01,0.0,0.8,100000,4,1,2,27,37,100000.0,300.0,0.0,0.25,85000.0,7.54869532585144,1,41100.0,0.000256555,5.92582e-06
bump,287.0,1.4,1004.5000000000001,717.5000000000001,0.1,0.21666666666666667,0.5,0.0001,0.01,0.0,0.8,100000,4,1,2,27,37,100000.0,300.0,0.0,0.25,85000.0,7.582702875137329,1,41100.0,0.000256555,5.92582e-06
bump,287.0,1.4,1004.5000000000001,717.5000000000001,0.1,0.05,0.5,0.0001,0.01,0.0,0.8,100000,4,1,2,27,37,100000.0,300.0,0.0,0.25,85000.0,9.941228866577148,1,54650.0,0.000100046,2.79017e-06
bump,287.0,1.4,1004.5000000000001,717.5000000000001,0.1,0.13333333333333333,0.5,0.0001,0.01,0.0,0.8,100000,4,1,2,27,37,100000.0,300.0,0.0,0.25,85000.0,8.829981565475464,1,48650.0,0.000182675,4.7169e-06
bump,287.0,1.4,1004.5000000000001,717.5000000000001,0.1,0.13333333333333333,0.5,0.0001,0.01,0.0,0.8,100000,4,1,2,27,37,100000.0,300.0,0.0,0.25,85000.0,8.850985765457153,1,48650.0,0.000182675,4.7169e-06
bump,287.0,1.4,1004.5000000000001,717.5000000000001,0.1,0.13333333333333333,0.5,0.0001,0.01,0.0,0.8,100000,4,1,2,27,37,100000.0,300.0,0.0,0.25,85000.0,8.852986335754395,1,48650.0,0.000182675,4.7169e-06
bump,287.0,1.4,1004.5000000000001,717.5000000000001,0.1,0.05,0.5,0.0001,0.01,0.0,0.8,100000,4,1,2,27,37,100000.0,300.0,0.0,0.25,85000.0,9.92822551727295,1,54650.0,0.000100046,2.79017e-06
bump,287.0,1.4,1004.5000000000001,717.5000000000001,0.1,0.3833333333333333,0.5,0.0001,0.01,0.0,0.8,100000,4,1,2,27,37,100000.0,300.0,0.0,0.25,85000.0,4.824076414108276,1,25900.0,0.000407743,7.9834e-06
bump,287.0,1.4,1004.5000000000001,717.5000000000001,0.1,0.3833333333333333,0.5,0.0001,0.01,0.0,0.8,100000,4,1,2,27,37,100000.0,300.0,0.0,0.25,85000.0,4.794276237487793,1,25900.0,0.000407743,7.9834e-06
bump,287.0,1.4,1004.5000000000001,717.5000000000001,0.1,0.3833333333333333,0.5,0.0001,0.01,0.0,0.8,100000,4,1,2,27,37,100000.0,300.0,0.0,0.25,85000.0,4.821280241012573,1,25900.0,0.000407743,7.9834e-06
bump,287.0,1.4,1004.5000000000001,717.5000000000001,0.1,0.3,0.5,0.0001,0.01,0.0,0.8,100000,4,1,2,27,37,100000.0,300.0,0.0,0.25,85000.0,5.704478979110718,1,30900.0,0.000339915,7.0108e-06
bump,287.0,1.4,1004.5000000000001,717.5000000000001,0.1,0.3,0.5,0.0001,0.01,0.0,0.8,100000,4,1,2,27,37,100000.0,300.0,0.0,0.25,85000.0,5.661468505859375,1,30900.0,0.000339915,7.0108e-06
bump,287.0,1.4,1004.5000000000001,717.5000000000001,0.1,0.4666666666666666,0.5,0.0001,0.01,0.0,0.8,100000,4,1,2,27,37,100000.0,300.0,0.0,0.25,85000.0,4.321169376373291,1,22600.0,0.000464396,8.78873e-06
bump,287.0,1.4,1004.5000000000001,717.5000000000001,0.1,0.3,0.5,0.0001,0.01,0.0,0.8,100000,4,1,2,27,37,100000.0,300.0,0.0,0.25,85000.0,5.708478689193726,1,30900.0,0.000339915,7.0108e-06
bump,287.0,1.4,1004.5000000000001,717.5000000000001,0.1,0.21666666666666667,0.5,0.0001,0.01,0.0,0.8,100000,4,1,2,27,37,100000.0,300.0,0.0,0.25,85000.0,7.476871967315674,1,41100.0,0.000256555,5.92582e-06
bump,287.0,1.4,1004.5000000000001,717.5000000000001,0.1,0.55,0.5,0.0001,0.01,0.0,0.8,100000,4,1,2,27,37,100000.0,300.0,0.0,0.25,85000.0,3.86786150932312,1,20450.0,0.00051344,9.70838e-06
bump,287.0,1.4,1004.5000000000001,717.5000000000001,0.1,0.55,0.5,0.0001,0.01,0.0,0.8,100000,4,1,2,27,37,100000.0,300.0,0.0,0.25,85000.0,3.8848657608032227,1,20450.0,0.00051344,9.70838e-06
bump,287.0,1.4,1004.5000000000001,717.5000000000001,0.1,0.55,0.5,0.0001,0.01,0.0,0.8,100000,4,1,2,27,37,100000.0,300.0,0.0,0.25,85000.0,3.8843088150024414,1,20450.0,0.00051344,9.70838e-06
bump,287.0,1.4,1004.5000000000001,717.5000000000001,0.1,0.4666666666666666,0.5,0.0001,0.01,0.0,0.8,100000,4,1,2,27,37,100000.0,300.0,0.0,0.25,85000.0,4.263394117355347,1,22600.0,0.000464396,8.78873e-06
bump,287.0,1.4,1004.5000000000001,717.5000000000001,0.1,0.6333333333333333,0.5,0.0001,0.01,0.0,0.8,100000,4,1,2,27,37,100000.0,300.0,0.0,0.25,85000.0,3.693267345428467,1,19600.0,0.000556767,1.06262e-05
bump,287.0,1.4,1004.5000000000001,717.5000000000001,0.1,0.6333333333333333,0.5,0.0001,0.01,0.0,0.8,100000,4,1,2,27,37,100000.0,300.0,0.0,0.25,85000.0,3.7152719497680664,1,19600.0,0.000556767,1.06262e-05
bump,287.0,1.4,1004.5000000000001,717.5000000000001,0.1,0.4666666666666666,0.5,0.0001,0.01,0.0,0.8,100000,4,1,2,27,37,100000.0,300.0,0.0,0.25,85000.0,4.298401117324829,1,22600.0,0.000464396,8.78873e-06
bump,287.0,1.4,1004.5000000000001,717.5000000000001,0.1,0.6333333333333333,0.5,0.0001,0.01,0.0,0.8,100000,4,1,2,27,37,100000.0,300.0,0.0,0.25,85000.0,3.726274251937866,1,19600.0,0.000556767,1.06262e-05
bump,287.0,1.4,1004.5000000000001,717.5000000000001,0.1,0.8,0.5,0.0001,0.01,0.0,0.8,100000,4,1,2,27,37,100000.0,300.0,0.0,0.25,85000.0,3.0006697177886963,1,15550.0,0.00063186,1.26681e-05
bump,287.0,1.4,1004.5000000000001,717.5000000000001,0.1,0.8,0.5,0.0001,0.01,0.0,0.8,100000,4,1,2,27,37,100000.0,300.0,0.0,0.25,85000.0,2.986665964126587,1,15550.0,0.00063186,1.26681e-05
bump,287.0,1.4,1004.5000000000001,717.5000000000001,0.1,0.8,0.5,0.0001,0.01,0.0,0.8,100000,4,1,2,27,37,100000.0,300.0,0.0,0.25,85000.0,2.949657440185547,1,15550.0,0.00063186,1.26681e-05
bump,287.0,1.4,1004.5000000000001,717.5000000000001,0.1,0.7166666666666667,0.5,0.0001,0.01,0.0,0.8,100000,4,1,2,27,37,100000.0,300.0,0.0,0.25,85000.0,3.3527469635009766,1,17650.0,0.00059591,1.1562e-05
bump,287.0,1.4,1004.5000000000001,717.5000000000001,0.1,0.7166666666666667,0.5,0.0001,0.01,0.0,0.8,100000,4,1,2,27,37,100000.0,300.0,0.0,0.25,85000.0,3.3347432613372803,1,17650.0,0.00059591,1.1562e-05
bump,287.0,1.4,1004.5000000000001,717.5000000000001,0.1,0.7166666666666667,0.5,0.0001,0.01,0.0,0.8,100000,4,1,2,27,37,100000.0,300.0,0.0,0.25,85000.0,3.340745210647583,1,17650.0,0.00059591,1.1562e-05
bump,287.0,1.4,1004.5000000000001,717.5000000000001,0.1,0.05,0.5,0.0001,0.01,0.0,0.8,100000,4,1,2,46,37,100000.0,300.0,0.0,0.25,85000.0,18.86522650718689,1,65250.0,3.29159e-05,1.04878e-06
bump,287.0,1.4,1004.5000000000001,717.5000000000001,0.1,0.05,0.5,0.0001,0.01,0.0,0.8,100000,4,1,2,46,37,100000.0,300.0,0.0,0.25,85000.0,18.875228881835938,1,65250.0,3.29159e-05,1.04878e-06
bump,287.0,1.4,1004.5000000000001,717.5000000000001,0.1,0.21666666666666667,0.5,0.0001,0.01,0.0,0.8,100000,4,1,2,46,37,100000.0,300.0,0.0,0.25,85000.0,16.670737266540527,1,57750.0,0.000100108,2.15586e-06
bump,287.0,1.4,1004.5000000000001,717.5000000000001,0.1,0.21666666666666667,0.5,0.0001,0.01,0.0,0.8,100000,4,1,2,46,37,100000.0,300.0,0.0,0.25,85000.0,16.670737266540527,1,57750.0,0.000100108,2.15586e-06
bump,287.0,1.4,1004.5000000000001,717.5000000000001,0.1,0.13333333333333333,0.5,0.0001,0.01,0.0,0.8,100000,4,1,2,46,37,100000.0,300.0,0.0,0.25,85000.0,17.05482268333435,1,59450.0,6.62585e-05,1.69775e-06
bump,287.0,1.4,1004.5000000000001,717.5000000000001,0.1,0.13333333333333333,0.5,0.0001,0.01,0.0,0.8,100000,4,1,2,46,37,100000.0,300.0,0.0,0.25,85000.0,17.129838705062866,1,59450.0,6.62585e-05,1.69775e-06
bump,287.0,1.4,1004.5000000000001,717.5000000000001,0.1,0.13333333333333333,0.5,0.0001,0.01,0.0,0.8,100000,4,1,2,46,37,100000.0,300.0,0.0,0.25,85000.0,17.16784691810608,1,59450.0,6.62585e-05,1.69775e-06
bump,287.0,1.4,1004.5000000000001,717.5000000000001,0.1,0.05,0.5,0.0001,0.01,0.0,0.8,100000,4,1,2,46,37,100000.0,300.0,0.0,0.25,85000.0,18.771204948425293,1,65250.0,3.29159e-05,1.04878e-06
bump,287.0,1.4,1004.5000000000001,717.5000000000001,0.1,0.4666666666666666,0.5,0.0001,0.01,0.0,0.8,100000,4,1,2,46,37,100000.0,300.0,0.0,0.25,85000.0,12.237730503082275,1,41000.0,0.000186698,3.49292e-06
bump,287.0,1.4,1004.5000000000001,717.5000000000001,0.1,0.3833333333333333,0.5,0.0001,0.01,0.0,0.8,100000,4,1,2,46,37,100000.0,300.0,0.0,0.25,85000.0,14.129348754882812,1,47650.0,0.000160333,3.03397e-06
bump,287.0,1.4,1004.5000000000001,717.5000000000001,0.1,0.3833333333333333,0.5,0.0001,0.01,0.0,0.8,100000,4,1,2,46,37,100000.0,300.0,0.0,0.25,85000.0,14.064334154129028,1,47650.0,0.000160333,3.03397e-06
bump,287.0,1.4,1004.5000000000001,717.5000000000001,0.1,0.3833333333333333,0.5,0.0001,0.01,0.0,0.8,100000,4,1,2,46,37,100000.0,300.0,0.0,0.25,85000.0,14.124349117279053,1,47650.0,0.000160333,3.03397e-06
bump,287.0,1.4,1004.5000000000001,717.5000000000001,0.1,0.3,0.5,0.0001,0.01,0.0,0.8,100000,4,1,2,46,37,100000.0,300.0,0.0,0.25,85000.0,15.361623048782349,1,51850.0,0.00013165,2.58031e-06
bump,287.0,1.4,1004.5000000000001,717.5000000000001,0.1,0.3,0.5,0.0001,0.01,0.0,0.8,100000,4,1,2,46,37,100000.0,300.0,0.0,0.25,85000.0,15.19658613204956,1,51850.0,0.00013165,2.58031e-06
bump,287.0,1.4,1004.5000000000001,717.5000000000001,0.1,0.21666666666666667,0.5,0.0001,0.01,0.0,0.8,100000,4,1,2,46,37,100000.0,300.0,0.0,0.25,85000.0,17.009990453720093,1,57750.0,0.000100108,2.15586e-06
bump,287.0,1.4,1004.5000000000001,717.5000000000001,0.1,0.3,0.5,0.0001,0.01,0.0,0.8,100000,4,1,2,46,37,100000.0,300.0,0.0,0.25,85000.0,15.3446204662323,1,51850.0,0.00013165,2.58031e-06
bump,287.0,1.4,1004.5000000000001,717.5000000000001,0.1,0.6333333333333333,0.5,0.0001,0.01,0.0,0.8,100000,4,1,2,46,37,100000.0,300.0,0.0,0.25,85000.0,9.02901577949524,1,30850.0,0.000233365,4.37841e-06
bump,287.0,1.4,1004.5000000000001,717.5000000000001,0.1,0.6333333333333333,0.5,0.0001,0.01,0.0,0.8,100000,4,1,2,46,37,100000.0,300.0,0.0,0.25,85000.0,9.0240159034729,1,30850.0,0.000233365,4.37841e-06
bump,287.0,1.4,1004.5000000000001,717.5000000000001,0.1,0.6333333333333333,0.5,0.0001,0.01,0.0,0.8,100000,4,1,2,46,37,100000.0,300.0,0.0,0.25,85000.0,9.02201509475708,1,30850.0,0.000233365,4.37841e-06
bump,287.0,1.4,1004.5000000000001,717.5000000000001,0.1,0.55,0.5,0.0001,0.01,0.0,0.8,100000,4,1,2,46,37,100000.0,300.0,0.0,0.25,85000.0,10.041243076324463,1,34700.0,0.000210687,3.93091e-06
bump,287.0,1.4,1004.5000000000001,717.5000000000001,0.1,0.55,0.5,0.0001,0.01,0.0,0.8,100000,4,1,2,46,37,100000.0,300.0,0.0,0.25,85000.0,10.062247514724731,1,34700.0,0.000210687,3.93091e-06
bump,287.0,1.4,1004.5000000000001,717.5000000000001,0.1,0.55,0.5,0.0001,0.01,0.0,0.8,100000,4,1,2,46,37,100000.0,300.0,0.0,0.25,85000.0,10.15726900100708,1,34700.0,0.000210687,3.93091e-06
bump,287.0,1.4,1004.5000000000001,717.5000000000001,0.1,0.4666666666666666,0.5,0.0001,0.01,0.0,0.8,100000,4,1,2,46,37,100000.0,300.0,0.0,0.25,85000.0,11.821521759033203,1,41000.0,0.000186698,3.49292e-06
bump,287.0,1.4,1004.5000000000001,717.5000000000001,0.1,0.4666666666666666,0.5,0.0001,0.01,0.0,0.8,100000,4,1,2,46,37,100000.0,300.0,0.0,0.25,85000.0,11.831641912460327,1,41000.0,0.000186698,3.49292e-06
bump,287.0,1.4,1004.5000000000001,717.5000000000001,0.1,0.8,0.5,0.0001,0.01,0.0,0.8,100000,4,1,2,46,37,100000.0,300.0,0.0,0.25,85000.0,8.130318641662598,1,27500.0,0.000273503,5.1259e-06
bump,287.0,1.4,1004.5000000000001,717.5000000000001,0.1,0.8,0.5,0.0001,0.01,0.0,0.8,100000,4,1,2,46,37,100000.0,300.0,0.0,0.25,85000.0,8.057302474975586,1,27500.0,0.000273503,5.1259e-06
bump,287.0,1.4,1004.5000000000001,717.5000000000001,0.1,0.7166666666666667,0.5,0.0001,0.01,0.0,0.8,100000,4,1,2,46,37,100000.0,300.0,0.0,0.25,85000.0,8.543411016464233,1,29150.0,0.000254074,4.75229e-06
bump,287.0,1.4,1004.5000000000001,717.5000000000001,0.1,0.7166666666666667,0.5,0.0001,0.01,0.0,0.8,100000,4,1,2,46,37,100000.0,300.0,0.0,0.25,85000.0,8.54741096496582,1,29150.0,0.000254074,4.75229e-06
bump,287.0,1.4,1004.5000000000001,717.5000000000001,0.1,0.8,0.5,0.0001,0.01,0.0,0.8,100000,4,1,2,46,37,100000.0,300.0,0.0,0.25,85000.0,8.136319398880005,1,27500.0,0.000273503,5.1259e-06
bump,287.0,1.4,1004.5000000000001,717.5000000000001,0.1,0.7166666666666667,0.5,0.0001,0.01,0.0,0.8,100000,4,1,2,46,37,100000.0,300.0,0.0,0.25,85000.0,8.507402420043945,1,29150.0,0.000254074,4.75229e-06
bump,287.0,1.4,1004.5000000000001,717.5000000000001,0.1,0.21666666666666667,0.5,0.0001,0.01,0.0,0.8,100000,4,1,2,77,37,100000.0,300.0,0.0,0.25,85000.0,30.118722915649414,1,65550.0,4.86827e-05,8.76521e-07
bump,287.0,1.4,1004.5000000000001,717.5000000000001,0.1,0.21666666666666667,0.5,0.0001,0.01,0.0,0.8,100000,4,1,2,77,37,100000.0,300.0,0.0,0.25,85000.0,30.220747470855713,1,65550.0,4.86827e-05,8.76521e-07
bump,287.0,1.4,1004.5000000000001,717.5000000000001,0.1,0.13333333333333333,0.5,0.0001,0.01,0.0,0.8,100000,4,1,2,77,37,100000.0,300.0,0.0,0.25,85000.0,34.32966208457947,1,74800.0,3.06765e-05,6.93276e-07
bump,287.0,1.4,1004.5000000000001,717.5000000000001,0.1,0.13333333333333333,0.5,0.0001,0.01,0.0,0.8,100000,4,1,2,77,37,100000.0,300.0,0.0,0.25,85000.0,34.3626708984375,1,74800.0,3.06765e-05,6.93276e-07
bump,287.0,1.4,1004.5000000000001,717.5000000000001,0.1,0.13333333333333333,0.5,0.0001,0.01,0.0,0.8,100000,4,1,2,77,37,100000.0,300.0,0.0,0.25,85000.0,34.41568374633789,1,74800.0,3.06765e-05,6.93276e-07
bump,287.0,1.4,1004.5000000000001,717.5000000000001,0.1,0.05,0.5,0.0001,0.01,0.0,0.8,100000,4,1,2,77,37,100000.0,300.0,0.0,0.25,85000.0,45.99877071380615,3,100000.0,1.1314e-05,3.97729e-07
bump,287.0,1.4,1004.5000000000001,717.5000000000001,0.1,0.05,0.5,0.0001,0.01,0.0,0.8,100000,4,1,2,77,37,100000.0,300.0,0.0,0.25,85000.0,45.88974618911743,3,100000.0,1.1314e-05,3.97729e-07
bump,287.0,1.4,1004.5000000000001,717.5000000000001,0.1,0.05,0.5,0.0001,0.01,0.0,0.8,100000,4,1,2,77,37,100000.0,300.0,0.0,0.25,85000.0,45.8097288608551,3,100000.0,1.1314e-05,3.97729e-07
bump,287.0,1.4,1004.5000000000001,717.5000000000001,0.1,0.3,0.5,0.0001,0.01,0.0,0.8,100000,4,1,2,77,37,100000.0,300.0,0.0,0.25,85000.0,26.621443271636963,1,57100.0,6.54701e-05,1.00139e-06
bump,287.0,1.4,1004.5000000000001,717.5000000000001,0.1,0.3833333333333333,0.5,0.0001,0.01,0.0,0.8,100000,4,1,2,77,37,100000.0,300.0,0.0,0.25,85000.0,24.590989112854004,1,52850.0,8.09665e-05,1.12517e-06
bump,287.0,1.4,1004.5000000000001,717.5000000000001,0.1,0.21666666666666667,0.5,0.0001,0.01,0.0,0.8,100000,4,1,2,77,37,100000.0,300.0,0.0,0.25,85000.0,30.491249322891235,1,65550.0,4.86827e-05,8.76521e-07
bump,287.0,1.4,1004.5000000000001,717.5000000000001,0.1,0.3,0.5,0.0001,0.01,0.0,0.8,100000,4,1,2,77,37,100000.0,300.0,0.0,0.25,85000.0,26.457350492477417,1,57100.0,6.54701e-05,1.00139e-06
bump,287.0,1.4,1004.5000000000001,717.5000000000001,0.1,0.3,0.5,0.0001,0.01,0.0,0.8,100000,4,1,2,77,37,100000.0,300.0,0.0,0.25,85000.0,26.63338851928711,1,57100.0,6.54701e-05,1.00139e-06
bump,287.0,1.4,1004.5000000000001,717.5000000000001,0.1,0.3833333333333333,0.5,0.0001,0.01,0.0,0.8,100000,4,1,2,77,37,100000.0,300.0,0.0,0.25,85000.0,24.426393508911133,1,52850.0,8.09665e-05,1.12517e-06
bump,287.0,1.4,1004.5000000000001,717.5000000000001,0.1,0.3833333333333333,0.5,0.0001,0.01,0.0,0.8,100000,4,1,2,77,37,100000.0,300.0,0.0,0.25,85000.0,24.399386167526245,1,52850.0,8.09665e-05,1.12517e-06
bump,287.0,1.4,1004.5000000000001,717.5000000000001,0.1,0.4666666666666666,0.5,0.0001,0.01,0.0,0.8,100000,4,1,2,77,37,100000.0,300.0,0.0,0.25,85000.0,23.16711115837097,1,50300.0,9.53636e-05,1.26848e-06
bump,287.0,1.4,1004.5000000000001,717.5000000000001,0.1,0.4666666666666666,0.5,0.0001,0.01,0.0,0.8,100000,4,1,2,77,37,100000.0,300.0,0.0,0.25,85000.0,23.175113677978516,1,50300.0,9.53636e-05,1.26848e-06
bump,287.0,1.4,1004.5000000000001,717.5000000000001,0.1,0.4666666666666666,0.5,0.0001,0.01,0.0,0.8,100000,4,1,2,77,37,100000.0,300.0,0.0,0.25,85000.0,23.11015510559082,1,50300.0,9.53636e-05,1.26848e-06
bump,287.0,1.4,1004.5000000000001,717.5000000000001,0.1,0.55,0.5,0.0001,0.01,0.0,0.8,100000,4,1,2,77,37,100000.0,300.0,0.0,0.25,85000.0,21.97490096092224,1,47800.0,0.000108949,1.42283e-06
bump,287.0,1.4,1004.5000000000001,717.5000000000001,0.1,0.55,0.5,0.0001,0.01,0.0,0.8,100000,4,1,2,77,37,100000.0,300.0,0.0,0.25,85000.0,21.942893743515015,1,47800.0,0.000108949,1.42283e-06
bump,287.0,1.4,1004.5000000000001,717.5000000000001,0.1,0.55,0.5,0.0001,0.01,0.0,0.8,100000,4,1,2,77,37,100000.0,300.0,0.0,0.25,85000.0,21.981903076171875,1,47800.0,0.000108949,1.42283e-06
bump,287.0,1.4,1004.5000000000001,717.5000000000001,0.1,0.6333333333333333,0.5,0.0001,0.01,0.0,0.8,100000,4,1,2,77,37,100000.0,300.0,0.0,0.25,85000.0,20.923667192459106,1,45650.0,0.000121584,1.59627e-06
bump,287.0,1.4,1004.5000000000001,717.5000000000001,0.1,0.6333333333333333,0.5,0.0001,0.01,0.0,0.8,100000,4,1,2,77,37,100000.0,300.0,0.0,0.25,85000.0,20.98868155479431,1,45650.0,0.000121584,1.59627e-06
bump,287.0,1.4,1004.5000000000001,717.5000000000001,0.1,0.6333333333333333,0.5,0.0001,0.01,0.0,0.8,100000,4,1,2,77,37,100000.0,300.0,0.0,0.25,85000.0,20.954674243927002,1,45650.0,0.000121584,1.59627e-06
bump,287.0,1.4,1004.5000000000001,717.5000000000001,0.1,0.7166666666666667,0.5,0.0001,0.01,0.0,0.8,100000,4,1,2,77,37,100000.0,300.0,0.0,0.25,85000.0,18.98623561859131,1,40900.0,0.000133415,1.76273e-06
bump,287.0,1.4,1004.5000000000001,717.5000000000001,0.1,0.8,0.5,0.0001,0.01,0.0,0.8,100000,4,1,2,77,37,100000.0,300.0,0.0,0.25,85000.0,17.831506967544556,1,38450.0,0.000144562,1.93833e-06
bump,287.0,1.4,1004.5000000000001,717.5000000000001,0.1,0.8,0.5,0.0001,0.01,0.0,0.8,100000,4,1,2,77,37,100000.0,300.0,0.0,0.25,85000.0,17.898521900177002,1,38450.0,0.000144562,1.93833e-06
bump,287.0,1.4,1004.5000000000001,717.5000000000001,0.1,0.7166666666666667,0.5,0.0001,0.01,0.0,0.8,100000,4,1,2,77,37,100000.0,300.0,0.0,0.25,85000.0,18.89974570274353,1,40900.0,0.000133415,1.76273e-06
bump,287.0,1.4,1004.5000000000001,717.5000000000001,0.1,0.8,0.5,0.0001,0.01,0.0,0.8,100000,4,1,2,77,37,100000.0,300.0,0.0,0.25,85000.0,17.871516704559326,1,38450.0,0.000144562,1.93833e-06
bump,287.0,1.4,1004.5000000000001,717.5000000000001,0.1,0.7166666666666667,0.5,0.0001,0.01,0.0,0.8,100000,4,1,2,77,37,100000.0,300.0,0.0,0.25,85000.0,18.955759286880493,1,40900.0,0.000133415,1.76273e-06
bump,287.0,1.4,1004.5000000000001,717.5000000000001,0.1,0.05,0.5,0.0001,0.01,0.0,0.8,100000,4,1,2,129,37,100000.0,300.0,0.0,0.25,85000.0,74.9112434387207,3,100000.0,1.61691e-05,1.61785e-06
bump,287.0,1.4,1004.5000000000001,717.5000000000001,0.1,0.05,0.5,0.0001,0.01,0.0,0.8,100000,4,1,2,129,37,100000.0,300.0,0.0,0.25,85000.0,74.97987604141235,3,100000.0,1.61691e-05,1.61785e-06
bump,287.0,1.4,1004.5000000000001,717.5000000000001,0.1,0.05,0.5,0.0001,0.01,0.0,0.8,100000,4,1,2,129,37,100000.0,300.0,0.0,0.25,85000.0,75.09737181663513,3,100000.0,1.61691e-05,1.61785e-06
bump,287.0,1.4,1004.5000000000001,717.5000000000001,0.1,0.13333333333333333,0.5,0.0001,0.01,0.0,0.8,100000,4,1,2,129,37,100000.0,300.0,0.0,0.25,85000.0,74.8083176612854,3,100000.0,1.6676e-05,5.59301e-07
bump,287.0,1.4,1004.5000000000001,717.5000000000001,0.1,0.13333333333333333,0.5,0.0001,0.01,0.0,0.8,100000,4,1,2,129,37,100000.0,300.0,0.0,0.25,85000.0,74.82632303237915,3,100000.0,1.6676e-05,5.59301e-07
bump,287.0,1.4,1004.5000000000001,717.5000000000001,0.1,0.13333333333333333,0.5,0.0001,0.01,0.0,0.8,100000,4,1,2,129,37,100000.0,300.0,0.0,0.25,85000.0,74.71929860115051,3,100000.0,1.6676e-05,5.59301e-07
bump,287.0,1.4,1004.5000000000001,717.5000000000001,0.1,0.21666666666666667,0.5,0.0001,0.01,0.0,0.8,100000,4,1,2,129,37,100000.0,300.0,0.0,0.25,85000.0,74.81532001495361,3,100000.0,2.4143e-05,5.90848e-07
bump,287.0,1.4,1004.5000000000001,717.5000000000001,0.1,0.21666666666666667,0.5,0.0001,0.01,0.0,0.8,100000,4,1,2,129,37,100000.0,300.0,0.0,0.25,85000.0,74.9863588809967,3,100000.0,2.4143e-05,5.90848e-07
bump,287.0,1.4,1004.5000000000001,717.5000000000001,0.1,0.4666666666666666,0.5,0.0001,0.01,0.0,0.8,100000,4,1,2,129,37,100000.0,300.0,0.0,0.25,85000.0,53.59000849723816,1,71400.0,4.54176e-05,6.79388e-07
bump,287.0,1.4,1004.5000000000001,717.5000000000001,0.1,0.21666666666666667,0.5,0.0001,0.01,0.0,0.8,100000,4,1,2,129,37,100000.0,300.0,0.0,0.25,85000.0,74.76074147224426,3,100000.0,2.4143e-05,5.90848e-07
bump,287.0,1.4,1004.5000000000001,717.5000000000001,0.1,0.3,0.5,0.0001,0.01,0.0,0.8,100000,4,1,2,129,37,100000.0,300.0,0.0,0.25,85000.0,69.98867654800415,1,93050.0,3.12741e-05,6.32073e-07
bump,287.0,1.4,1004.5000000000001,717.5000000000001,0.1,0.3833333333333333,0.5,0.0001,0.01,0.0,0.8,100000,4,1,2,129,37,100000.0,300.0,0.0,0.25,85000.0,60.807618379592896,1,81350.0,3.84179e-05,6.59015e-07
bump,287.0,1.4,1004.5000000000001,717.5000000000001,0.1,0.3833333333333333,0.5,0.0001,0.01,0.0,0.8,100000,4,1,2,129,37,100000.0,300.0,0.0,0.25,85000.0,60.98265624046326,1,81350.0,3.84179e-05,6.59015e-07
bump,287.0,1.4,1004.5000000000001,717.5000000000001,0.1,0.3833333333333333,0.5,0.0001,0.01,0.0,0.8,100000,4,1,2,129,37,100000.0,300.0,0.0,0.25,85000.0,60.94364929199219,1,81350.0,3.84179e-05,6.59015e-07
bump,287.0,1.4,1004.5000000000001,717.5000000000001,0.1,0.3,0.5,0.0001,0.01,0.0,0.8,100000,4,1,2,129,37,100000.0,300.0,0.0,0.25,85000.0,69.66060519218445,1,93050.0,3.12741e-05,6.32073e-07
bump,287.0,1.4,1004.5000000000001,717.5000000000001,0.1,0.3,0.5,0.0001,0.01,0.0,0.8,100000,4,1,2,129,37,100000.0,300.0,0.0,0.25,85000.0,69.72361850738525,1,93050.0,3.12741e-05,6.32073e-07
bump,287.0,1.4,1004.5000000000001,717.5000000000001,0.1,0.6333333333333333,0.5,0.0001,0.01,0.0,0.8,100000,4,1,2,129,37,100000.0,300.0,0.0,0.25,85000.0,45.21211123466492,1,60550.0,5.86834e-05,7.30433e-07
bump,287.0,1.4,1004.5000000000001,717.5000000000001,0.1,0.55,0.5,0.0001,0.01,0.0,0.8,100000,4,1,2,129,37,100000.0,300.0,0.0,0.25,85000.0,49.693111419677734,1,66400.0,5.2092e-05,7.04789e-07
bump,287.0,1.4,1004.5000000000001,717.5000000000001,0.1,0.4666666666666666,0.5,0.0001,0.01,0.0,0.8,100000,4,1,2,129,37,100000.0,300.0,0.0,0.25,85000.0,53.481956005096436,1,71400.0,4.54176e-05,6.79388e-07
bump,287.0,1.4,1004.5000000000001,717.5000000000001,0.1,0.4666666666666666,0.5,0.0001,0.01,0.0,0.8,100000,4,1,2,129,37,100000.0,300.0,0.0,0.25,85000.0,53.71600818634033,1,71400.0,4.54176e-05,6.79388e-07
bump,287.0,1.4,1004.5000000000001,717.5000000000001,0.1,0.55,0.5,0.0001,0.01,0.0,0.8,100000,4,1,2,129,37,100000.0,300.0,0.0,0.25,85000.0,49.6711049079895,1,66400.0,5.2092e-05,7.04789e-07
bump,287.0,1.4,1004.5000000000001,717.5000000000001,0.1,0.55,0.5,0.0001,0.01,0.0,0.8,100000,4,1,2,129,37,100000.0,300.0,0.0,0.25,85000.0,49.885154008865356,1,66400.0,5.2092e-05,7.04789e-07
bump,287.0,1.4,1004.5000000000001,717.5000000000001,0.1,0.6333333333333333,0.5,0.0001,0.01,0.0,0.8,100000,4,1,2,129,37,100000.0,300.0,0.0,0.25,85000.0,45.2531099319458,1,60550.0,5.86834e-05,7.30433e-07
bump,287.0,1.4,1004.5000000000001,717.5000000000001,0.1,0.6333333333333333,0.5,0.0001,0.01,0.0,0.8,100000,4,1,2,129,37,100000.0,300.0,0.0,0.25,85000.0,45.10007405281067,1,60550.0,5.86834e-05,7.30433e-07
bump,287.0,1.4,1004.5000000000001,717.5000000000001,0.1,0.7166666666666667,0.5,0.0001,0.01,0.0,0.8,100000,4,1,2,129,37,100000.0,300.0,0.0,0.25,85000.0,40.8427574634552,1,54450.0,6.50393e-05,7.67323e-07
bump,287.0,1.4,1004.5000000000001,717.5000000000001,0.1,0.7166666666666667,0.5,0.0001,0.01,0.0,0.8,100000,4,1,2,129,37,100000.0,300.0,0.0,0.25,85000.0,40.752739906311035,1,54450.0,6.50393e-05,7.67323e-07
bump,287.0,1.4,1004.5000000000001,717.5000000000001,0.1,0.7166666666666667,0.5,0.0001,0.01,0.0,0.8,100000,4,1,2,129,37,100000.0,300.0,0.0,0.25,85000.0,40.772743701934814,1,54450.0,6.50393e-05,7.67323e-07
bump,287.0,1.4,1004.5000000000001,717.5000000000001,0.1,0.8,0.5,0.0001,0.01,0.0,0.8,100000,4,1,2,129,37,100000.0,300.0,0.0,0.25,85000.0,38.86031770706177,1,51900.0,7.12238e-05,7.99585e-07
bump,287.0,1.4,1004.5000000000001,717.5000000000001,0.1,0.8,0.5,0.0001,0.01,0.0,0.8,100000,4,1,2,129,37,100000.0,300.0,0.0,0.25,85000.0,38.89932584762573,1,51900.0,7.12238e-05,7.99585e-07
bump,287.0,1.4,1004.5000000000001,717.5000000000001,0.1,0.8,0.5,0.0001,0.01,0.0,0.8,100000,4,1,2,129,37,100000.0,300.0,0.0,0.25,85000.0,38.99434733390808,1,51900.0,7.12238e-05,7.99585e-07
bump,287.0,1.4,1004.5000000000001,717.5000000000001,0.1,0.05,0.5,0.0001,0.01,0.0,0.8,100000,4,1,2,215,37,100000.0,300.0,0.0,0.25,85000.0,123.09262561798096,3,100000.0,2.44437e-05,4.94694e-06
bump,287.0,1.4,1004.5000000000001,717.5000000000001,0.1,0.05,0.5,0.0001,0.01,0.0,0.8,100000,4,1,2,215,37,100000.0,300.0,0.0,0.25,85000.0,123.31390023231506,3,100000.0,2.44437e-05,4.94694e-06
bump,287.0,1.4,1004.5000000000001,717.5000000000001,0.1,0.05,0.5,0.0001,0.01,0.0,0.8,100000,4,1,2,215,37,100000.0,300.0,0.0,0.25,85000.0,123.2938973903656,3,100000.0,2.44437e-05,4.94694e-06
bump,287.0,1.4,1004.5000000000001,717.5000000000001,0.1,0.13333333333333333,0.5,0.0001,0.01,0.0,0.8,100000,4,1,2,215,37,100000.0,300.0,0.0,0.25,85000.0,123.05284357070923,3,100000.0,8.67837e-06,1.38715e-06
bump,287.0,1.4,1004.5000000000001,717.5000000000001,0.1,0.13333333333333333,0.5,0.0001,0.01,0.0,0.8,100000,4,1,2,215,37,100000.0,300.0,0.0,0.25,85000.0,123.07084608078003,3,100000.0,8.67837e-06,1.38715e-06
bump,287.0,1.4,1004.5000000000001,717.5000000000001,0.1,0.13333333333333333,0.5,0.0001,0.01,0.0,0.8,100000,4,1,2,215,37,100000.0,300.0,0.0,0.25,85000.0,123.06384491920471,3,100000.0,8.67837e-06,1.38715e-06
bump,287.0,1.4,1004.5000000000001,717.5000000000001,0.1,0.21666666666666667,0.5,0.0001,0.01,0.0,0.8,100000,4,1,2,215,37,100000.0,300.0,0.0,0.25,85000.0,123.39591932296753,3,100000.0,1.23725e-05,7.3217e-07
bump,287.0,1.4,1004.5000000000001,717.5000000000001,0.1,0.21666666666666667,0.5,0.0001,0.01,0.0,0.8,100000,4,1,2,215,37,100000.0,300.0,0.0,0.25,85000.0,123.66597986221313,3,100000.0,1.23725e-05,7.3217e-07
bump,287.0,1.4,1004.5000000000001,717.5000000000001,0.1,0.21666666666666667,0.5,0.0001,0.01,0.0,0.8,100000,4,1,2,215,37,100000.0,300.0,0.0,0.25,85000.0,123.49658179283142,3,100000.0,1.23725e-05,7.3217e-07
bump,287.0,1.4,1004.5000000000001,717.5000000000001,0.1,0.3,0.5,0.0001,0.01,0.0,0.8,100000,4,1,2,215,37,100000.0,300.0,0.0,0.25,85000.0,123.69412302970886,3,100000.0,1.53603e-05,5.53398e-07
bump,287.0,1.4,1004.5000000000001,717.5000000000001,0.1,0.3,0.5,0.0001,0.01,0.0,0.8,100000,4,1,2,215,37,100000.0,300.0,0.0,0.25,85000.0,123.57957720756531,3,100000.0,1.53603e-05,5.53398e-07
bump,287.0,1.4,1004.5000000000001,717.5000000000001,0.1,0.3833333333333333,0.5,0.0001,0.01,0.0,0.8,100000,4,1,2,215,37,100000.0,300.0,0.0,0.25,85000.0,123.11947441101074,3,100000.0,1.81532e-05,4.81521e-07
bump,287.0,1.4,1004.5000000000001,717.5000000000001,0.1,0.3,0.5,0.0001,0.01,0.0,0.8,100000,4,1,2,215,37,100000.0,300.0,0.0,0.25,85000.0,123.32151961326599,3,100000.0,1.53603e-05,5.53398e-07
bump,287.0,1.4,1004.5000000000001,717.5000000000001,0.1,0.3833333333333333,0.5,0.0001,0.01,0.0,0.8,100000,4,1,2,215,37,100000.0,300.0,0.0,0.25,85000.0,123.49655795097351,3,100000.0,1.81532e-05,4.81521e-07
bump,287.0,1.4,1004.5000000000001,717.5000000000001,0.1,0.3833333333333333,0.5,0.0001,0.01,0.0,0.8,100000,4,1,2,215,37,100000.0,300.0,0.0,0.25,85000.0,123.18248867988586,3,100000.0,1.81532e-05,4.81521e-07
bump,287.0,1.4,1004.5000000000001,717.5000000000001,0.1,0.4666666666666666,0.5,0.0001,0.01,0.0,0.8,100000,4,1,2,215,37,100000.0,300.0,0.0,0.25,85000.0,123.4745523929596,3,100000.0,2.08841e-05,4.42583e-07
bump,287.0,1.4,1004.5000000000001,717.5000000000001,0.1,0.4666666666666666,0.5,0.0001,0.01,0.0,0.8,100000,4,1,2,215,37,100000.0,300.0,0.0,0.25,85000.0,123.58984136581421,3,100000.0,2.08841e-05,4.42583e-07
bump,287.0,1.4,1004.5000000000001,717.5000000000001,0.1,0.4666666666666666,0.5,0.0001,0.01,0.0,0.8,100000,4,1,2,215,37,100000.0,300.0,0.0,0.25,85000.0,124.05594515800476,3,100000.0,2.08841e-05,4.42583e-07
bump,287.0,1.4,1004.5000000000001,717.5000000000001,0.1,0.6333333333333333,0.5,0.0001,0.01,0.0,0.8,100000,4,1,2,215,37,100000.0,300.0,0.0,0.25,85000.0,115.99014687538147,1,94300.0,2.63015e-05,4.35869e-07
bump,287.0,1.4,1004.5000000000001,717.5000000000001,0.1,0.6333333333333333,0.5,0.0001,0.01,0.0,0.8,100000,4,1,2,215,37,100000.0,300.0,0.0,0.25,85000.0,116.30721616744995,1,94300.0,2.63015e-05,4.35869e-07
bump,287.0,1.4,1004.5000000000001,717.5000000000001,0.1,0.6333333333333333,0.5,0.0001,0.01,0.0,0.8,100000,4,1,2,215,37,100000.0,300.0,0.0,0.25,85000.0,116.80833959579468,1,94300.0,2.63015e-05,4.35869e-07
bump,287.0,1.4,1004.5000000000001,717.5000000000001,0.1,0.55,0.5,0.0001,0.01,0.0,0.8,100000,4,1,2,215,37,100000.0,300.0,0.0,0.25,85000.0,123.54884386062622,3,100000.0,2.36457e-05,4.29945e-07
bump,287.0,1.4,1004.5000000000001,717.5000000000001,0.1,0.55,0.5,0.0001,0.01,0.0,0.8,100000,4,1,2,215,37,100000.0,300.0,0.0,0.25,85000.0,123.8629138469696,3,100000.0,2.36457e-05,4.29945e-07
bump,287.0,1.4,1004.5000000000001,717.5000000000001,0.1,0.55,0.5,0.0001,0.01,0.0,0.8,100000,4,1,2,215,37,100000.0,300.0,0.0,0.25,85000.0,123.68786978721619,3,100000.0,2.36457e-05,4.29945e-07
bump,287.0,1.4,1004.5000000000001,717.5000000000001,0.1,0.7166666666666667,0.5,0.0001,0.01,0.0,0.8,100000,4,1,2,215,37,100000.0,300.0,0.0,0.25,85000.0,111.92652869224548,1,90450.0,2.92671e-05,4.48852e-07
bump,287.0,1.4,1004.5000000000001,717.5000000000001,0.1,0.7166666666666667,0.5,0.0001,0.01,0.0,0.8,100000,4,1,2,215,37,100000.0,300.0,0.0,0.25,85000.0,111.51543617248535,1,90450.0,2.92671e-05,4.48852e-07
bump,287.0,1.4,1004.5000000000001,717.5000000000001,0.1,0.8,0.5,0.0001,0.01,0.0,0.8,100000,4,1,2,215,37,100000.0,300.0,0.0,0.25,85000.0,100.33893585205078,1,81300.0,3.1813e-05,4.63571e-07
bump,287.0,1.4,1004.5000000000001,717.5000000000001,0.1,0.8,0.5,0.0001,0.01,0.0,0.8,100000,4,1,2,215,37,100000.0,300.0,0.0,0.25,85000.0,100.49797177314758,1,81300.0,3.1813e-05,4.63571e-07
bump,287.0,1.4,1004.5000000000001,717.5000000000001,0.1,0.8,0.5,0.0001,0.01,0.0,0.8,100000,4,1,2,215,37,100000.0,300.0,0.0,0.25,85000.0,100.03987312316895,1,81300.0,3.1813e-05,4.63571e-07
bump,287.0,1.4,1004.5000000000001,717.5000000000001,0.1,0.7166666666666667,0.5,0.0001,0.01,0.0,0.8,100000,4,1,2,215,37,100000.0,300.0,0.0,0.25,85000.0,111.59295082092285,1,90450.0,2.92671e-05,4.48852e-07
bump,287.0,1.4,1004.5000000000001,717.5000000000001,0.1,0.05,0.5,0.0001,0.01,0.0,0.8,100000,4,1,2,359,37,100000.0,300.0,0.0,0.25,85000.0,203.80911660194397,3,100000.0,4.16871e-05,5.12804e-06
bump,287.0,1.4,1004.5000000000001,717.5000000000001,0.1,0.05,0.5,0.0001,0.01,0.0,0.8,100000,4,1,2,359,37,100000.0,300.0,0.0,0.25,85000.0,203.79011154174805,3,100000.0,4.16871e-05,5.12804e-06
bump,287.0,1.4,1004.5000000000001,717.5000000000001,0.1,0.05,0.5,0.0001,0.01,0.0,0.8,100000,4,1,2,359,37,100000.0,300.0,0.0,0.25,85000.0,203.77056741714478,3,100000.0,4.16871e-05,5.12804e-06
bump,287.0,1.4,1004.5000000000001,717.5000000000001,0.1,0.13333333333333333,0.5,0.0001,0.01,0.0,0.8,100000,4,1,2,359,37,100000.0,300.0,0.0,0.25,85000.0,204.04462933540344,3,100000.0,2.02996e-05,1.61159e-06
bump,287.0,1.4,1004.5000000000001,717.5000000000001,0.1,0.13333333333333333,0.5,0.0001,0.01,0.0,0.8,100000,4,1,2,359,37,100000.0,300.0,0.0,0.25,85000.0,203.7545599937439,3,100000.0,2.02996e-05,1.61159e-06
bump,287.0,1.4,1004.5000000000001,717.5000000000001,0.1,0.13333333333333333,0.5,0.0001,0.01,0.0,0.8,100000,4,1,2,359,37,100000.0,300.0,0.0,0.25,85000.0,204.43771266937256,3,100000.0,2.02996e-05,1.61159e-06
bump,287.0,1.4,1004.5000000000001,717.5000000000001,0.1,0.21666666666666667,0.5,0.0001,0.01,0.0,0.8,100000,4,1,2,359,37,100000.0,300.0,0.0,0.25,85000.0,204.34119534492493,3,100000.0,1.80157e-05,7.79154e-07
bump,287.0,1.4,1004.5000000000001,717.5000000000001,0.1,0.21666666666666667,0.5,0.0001,0.01,0.0,0.8,100000,4,1,2,359,37,100000.0,300.0,0.0,0.25,85000.0,203.7024791240692,3,100000.0,1.80157e-05,7.79154e-07
bump,287.0,1.4,1004.5000000000001,717.5000000000001,0.1,0.3,0.5,0.0001,0.01,0.0,0.8,100000,4,1,2,359,37,100000.0,300.0,0.0,0.25,85000.0,203.91404128074646,3,100000.0,1.91726e-05,5.46034e-07
bump,287.0,1.4,1004.5000000000001,717.5000000000001,0.1,0.21666666666666667,0.5,0.0001,0.01,0.0,0.8,100000,4,1,2,359,37,100000.0,300.0,0.0,0.25,85000.0,204.16109657287598,3,100000.0,1.80157e-05,7.79154e-07
bump,287.0,1.4,1004.5000000000001,717.5000000000001,0.1,0.3,0.5,0.0001,0.01,0.0,0.8,100000,4,1,2,359,37,100000.0,300.0,0.0,0.25,85000.0,204.35064053535461,3,100000.0,1.91726e-05,5.46034e-07
bump,287.0,1.4,1004.5000000000001,717.5000000000001,0.1,0.3,0.5,0.0001,0.01,0.0,0.8,100000,4,1,2,359,37,100000.0,300.0,0.0,0.25,85000.0,203.9705581665039,3,100000.0,1.91726e-05,5.46034e-07
bump,287.0,1.4,1004.5000000000001,717.5000000000001,0.1,0.3833333333333333,0.5,0.0001,0.01,0.0,0.8,100000,4,1,2,359,37,100000.0,300.0,0.0,0.25,85000.0,203.84554624557495,3,100000.0,2.09182e-05,4.5363e-07
bump,287.0,1.4,1004.5000000000001,717.5000000000001,0.1,0.3833333333333333,0.5,0.0001,0.01,0.0,0.8,100000,4,1,2,359,37,100000.0,300.0,0.0,0.25,85000.0,204.15161418914795,3,100000.0,2.09182e-05,4.5363e-07
bump,287.0,1.4,1004.5000000000001,717.5000000000001,0.1,0.3833333333333333,0.5,0.0001,0.01,0.0,0.8,100000,4,1,2,359,37,100000.0,300.0,0.0,0.25,85000.0,204.8122580051422,3,100000.0,2.09182e-05,4.5363e-07
bump,287.0,1.4,1004.5000000000001,717.5000000000001,0.1,0.4666666666666666,0.5,0.0001,0.01,0.0,0.8,100000,4,1,2,359,37,100000.0,300.0,0.0,0.25,85000.0,204.23512840270996,3,100000.0,2.27413e-05,4.00823e-07
bump,287.0,1.4,1004.5000000000001,717.5000000000001,0.1,0.4666666666666666,0.5,0.0001,0.01,0.0,0.8,100000,4,1,2,359,37,100000.0,300.0,0.0,0.25,85000.0,204.22617101669312,3,100000.0,2.27413e-05,4.00823e-07
bump,287.0,1.4,1004.5000000000001,717.5000000000001,0.1,0.4666666666666666,0.5,0.0001,0.01,0.0,0.8,100000,4,1,2,359,37,100000.0,300.0,0.0,0.25,85000.0,204.61525893211365,3,100000.0,2.27413e-05,4.00823e-07
bump,287.0,1.4,1004.5000000000001,717.5000000000001,0.1,0.55,0.5,0.0001,0.01,0.0,0.8,100000,4,1,2,359,37,100000.0,300.0,0.0,0.25,85000.0,204.804137468338,3,100000.0,2.46487e-05,3.81856e-07
bump,287.0,1.4,1004.5000000000001,717.5000000000001,0.1,0.55,0.5,0.0001,0.01,0.0,0.8,100000,4,1,2,359,37,100000.0,300.0,0.0,0.25,85000.0,203.9849545955658,3,100000.0,2.46487e-05,3.81856e-07
bump,287.0,1.4,1004.5000000000001,717.5000000000001,0.1,0.55,0.5,0.0001,0.01,0.0,0.8,100000,4,1,2,359,37,100000.0,300.0,0.0,0.25,85000.0,204.47404646873474,3,100000.0,2.46487e-05,3.81856e-07
bump,287.0,1.4,1004.5000000000001,717.5000000000001,0.1,0.6333333333333333,0.5,0.0001,0.01,0.0,0.8,100000,4,1,2,359,37,100000.0,300.0,0.0,0.25,85000.0,203.86491107940674,3,100000.0,2.65616e-05,3.7813e-07
bump,287.0,1.4,1004.5000000000001,717.5000000000001,0.1,0.6333333333333333,0.5,0.0001,0.01,0.0,0.8,100000,4,1,2,359,37,100000.0,300.0,0.0,0.25,85000.0,204.2890055179596,3,100000.0,2.65616e-05,3.7813e-07
bump,287.0,1.4,1004.5000000000001,717.5000000000001,0.1,0.6333333333333333,0.5,0.0001,0.01,0.0,0.8,100000,4,1,2,359,37,100000.0,300.0,0.0,0.25,85000.0,203.9361548423767,3,100000.0,2.65616e-05,3.7813e-07
bump,287.0,1.4,1004.5000000000001,717.5000000000001,0.1,0.7166666666666667,0.5,0.0001,0.01,0.0,0.8,100000,4,1,2,359,37,100000.0,300.0,0.0,0.25,85000.0,203.76987314224243,3,100000.0,2.85038e-05,3.93411e-07
bump,287.0,1.4,1004.5000000000001,717.5000000000001,0.1,0.7166666666666667,0.5,0.0001,0.01,0.0,0.8,100000,4,1,2,359,37,100000.0,300.0,0.0,0.25,85000.0,204.3460009098053,3,100000.0,2.85038e-05,3.93411e-07
bump,287.0,1.4,1004.5000000000001,717.5000000000001,0.1,0.7166666666666667,0.5,0.0001,0.01,0.0,0.8,100000,4,1,2,359,37,100000.0,300.0,0.0,0.25,85000.0,205.1367757320404,3,100000.0,2.85038e-05,3.93411e-07
bump,287.0,1.4,1004.5000000000001,717.5000000000001,0.1,0.8,0.5,0.0001,0.01,0.0,0.8,100000,4,1,2,359,37,100000.0,300.0,0.0,0.25,85000.0,205.57988476753235,3,100000.0,3.05171e-05,4.21015e-07
bump,287.0,1.4,1004.5000000000001,717.5000000000001,0.1,0.8,0.5,0.0001,0.01,0.0,0.8,100000,4,1,2,359,37,100000.0,300.0,0.0,0.25,85000.0,206.0441677570343,3,100000.0,3.05171e-05,4.21015e-07
bump,287.0,1.4,1004.5000000000001,717.5000000000001,0.1,0.8,0.5,0.0001,0.01,0.0,0.8,100000,4,1,2,359,37,100000.0,300.0,0.0,0.25,85000.0,206.04018998146057,3,100000.0,3.05171e-05,4.21015e-07
bump,287.0,1.4,1004.5000000000001,717.5000000000001,0.1,0.05,0.5,0.0001,0.01,0.0,0.8,100000,4,1,2,599,37,100000.0,300.0,0.0,0.25,85000.0,345.26630783081055,3,100000.0,2.1149e-05,4.26535e-06
bump,287.0,1.4,1004.5000000000001,717.5000000000001,0.1,0.05,0.5,0.0001,0.01,0.0,0.8,100000,4,1,2,599,37,100000.0,300.0,0.0,0.25,85000.0,343.88402128219604,3,100000.0,2.1149e-05,4.26535e-06
bump,287.0,1.4,1004.5000000000001,717.5000000000001,0.1,0.05,0.5,0.0001,0.01,0.0,0.8,100000,4,1,2,599,37,100000.0,300.0,0.0,0.25,85000.0,346.09254360198975,3,100000.0,2.1149e-05,4.26535e-06
bump,287.0,1.4,1004.5000000000001,717.5000000000001,0.1,0.13333333333333333,0.5,0.0001,0.01,0.0,0.8,100000,4,1,2,599,37,100000.0,300.0,0.0,0.25,85000.0,345.6504487991333,3,100000.0,1.61113e-05,1.59248e-06
bump,287.0,1.4,1004.5000000000001,717.5000000000001,0.1,0.13333333333333333,0.5,0.0001,0.01,0.0,0.8,100000,4,1,2,599,37,100000.0,300.0,0.0,0.25,85000.0,343.578871011734,3,100000.0,1.61113e-05,1.59248e-06
bump,287.0,1.4,1004.5000000000001,717.5000000000001,0.1,0.13333333333333333,0.5,0.0001,0.01,0.0,0.8,100000,4,1,2,599,37,100000.0,300.0,0.0,0.25,85000.0,344.95619440078735,3,100000.0,1.61113e-05,1.59248e-06
bump,287.0,1.4,1004.5000000000001,717.5000000000001,0.1,0.21666666666666667,0.5,0.0001,0.01,0.0,0.8,100000,4,1,2,599,37,100000.0,300.0,0.0,0.25,85000.0,344.47107577323914,3,100000.0,1.42472e-05,8.68554e-07
bump,287.0,1.4,1004.5000000000001,717.5000000000001,0.1,0.21666666666666667,0.5,0.0001,0.01,0.0,0.8,100000,4,1,2,599,37,100000.0,300.0,0.0,0.25,85000.0,344.56010007858276,3,100000.0,1.42472e-05,8.68554e-07
bump,287.0,1.4,1004.5000000000001,717.5000000000001,0.1,0.21666666666666667,0.5,0.0001,0.01,0.0,0.8,100000,4,1,2,599,37,100000.0,300.0,0.0,0.25,85000.0,342.6588337421417,3,100000.0,1.42472e-05,8.68554e-07
bump,287.0,1.4,1004.5000000000001,717.5000000000001,0.1,0.3,0.5,0.0001,0.01,0.0,0.8,100000,4,1,2,599,37,100000.0,300.0,0.0,0.25,85000.0,343.51403403282166,3,100000.0,1.4137e-05,6.06155e-07
bump,287.0,1.4,1004.5000000000001,717.5000000000001,0.1,0.3,0.5,0.0001,0.01,0.0,0.8,100000,4,1,2,599,37,100000.0,300.0,0.0,0.25,85000.0,343.70755910873413,3,100000.0,1.4137e-05,6.06155e-07
bump,287.0,1.4,1004.5000000000001,717.5000000000001,0.1,0.3,0.5,0.0001,0.01,0.0,0.8,100000,4,1,2,599,37,100000.0,300.0,0.0,0.25,85000.0,350.8732326030731,3,100000.0,1.4137e-05,6.06155e-07
bump,287.0,1.4,1004.5000000000001,717.5000000000001,0.1,0.3833333333333333,0.5,0.0001,0.01,0.0,0.8,100000,4,1,2,599,37,100000.0,300.0,0.0,0.25,85000.0,343.2969436645508,3,100000.0,1.55618e-05,4.93491e-07
bump,287.0,1.4,1004.5000000000001,717.5000000000001,0.1,0.3833333333333333,0.5,0.0001,0.01,0.0,0.8,100000,4,1,2,599,37,100000.0,300.0,0.0,0.25,85000.0,343.34295892715454,3,100000.0,1.55618e-05,4.93491e-07
bump,287.0,1.4,1004.5000000000001,717.5000000000001,0.1,0.3833333333333333,0.5,0.0001,0.01,0.0,0.8,100000,4,1,2,599,37,100000.0,300.0,0.0,0.25,85000.0,344.47422766685486,3,100000.0,1.55618e-05,4.93491e-07
bump,287.0,1.4,1004.5000000000001,717.5000000000001,0.1,0.4666666666666666,0.5,0.0001,0.01,0.0,0.8,100000,4,1,2,599,37,100000.0,300.0,0.0,0.25,85000.0,342.7808287143707,3,100000.0,1.77241e-05,4.39102e-07
bump,287.0,1.4,1004.5000000000001,717.5000000000001,0.1,0.4666666666666666,0.5,0.0001,0.01,0.0,0.8,100000,4,1,2,599,37,100000.0,300.0,0.0,0.25,85000.0,343.38507413864136,3,100000.0,1.77241e-05,4.39102e-07
bump,287.0,1.4,1004.5000000000001,717.5000000000001,0.1,0.4666666666666666,0.5,0.0001,0.01,0.0,0.8,100000,4,1,2,599,37,100000.0,300.0,0.0,0.25,85000.0,342.3578317165375,3,100000.0,1.77241e-05,4.39102e-07
bump,287.0,1.4,1004.5000000000001,717.5000000000001,0.1,0.55,0.5,0.0001,0.01,0.0,0.8,100000,4,1,2,599,37,100000.0,300.0,0.0,0.25,85000.0,342.81292819976807,3,100000.0,2.03763e-05,4.21419e-07
bump,287.0,1.4,1004.5000000000001,717.5000000000001,0.1,0.55,0.5,0.0001,0.01,0.0,0.8,100000,4,1,2,599,37,100000.0,300.0,0.0,0.25,85000.0,342.4948558807373,3,100000.0,2.03763e-05,4.21419e-07
bump,287.0,1.4,1004.5000000000001,717.5000000000001,0.1,0.55,0.5,0.0001,0.01,0.0,0.8,100000,4,1,2,599,37,100000.0,300.0,0.0,0.25,85000.0,343.5445747375488,3,100000.0,2.03763e-05,4.21419e-07
bump,287.0,1.4,1004.5000000000001,717.5000000000001,0.1,0.6333333333333333,0.5,0.0001,0.01,0.0,0.8,100000,4,1,2,599,37,100000.0,300.0,0.0,0.25,85000.0,343.5565779209137,3,100000.0,2.27424e-05,4.20605e-07
bump,287.0,1.4,1004.5000000000001,717.5000000000001,0.1,0.6333333333333333,0.5,0.0001,0.01,0.0,0.8,100000,4,1,2,599,37,100000.0,300.0,0.0,0.25,85000.0,343.34452533721924,3,100000.0,2.27424e-05,4.20605e-07
bump,287.0,1.4,1004.5000000000001,717.5000000000001,0.1,0.6333333333333333,0.5,0.0001,0.01,0.0,0.8,100000,4,1,2,599,37,100000.0,300.0,0.0,0.25,85000.0,342.8023986816406,3,100000.0,2.27424e-05,4.20605e-07
bump,287.0,1.4,1004.5000000000001,717.5000000000001,0.1,0.7166666666666667,0.5,0.0001,0.01,0.0,0.8,100000,4,1,2,599,37,100000.0,300.0,0.0,0.25,85000.0,346.17791986465454,3,100000.0,2.48937e-05,4.38316e-07
bump,287.0,1.4,1004.5000000000001,717.5000000000001,0.1,0.7166666666666667,0.5,0.0001,0.01,0.0,0.8,100000,4,1,2,599,37,100000.0,300.0,0.0,0.25,85000.0,345.823837518692,3,100000.0,2.48937e-05,4.38316e-07
bump,287.0,1.4,1004.5000000000001,717.5000000000001,0.1,0.7166666666666667,0.5,0.0001,0.01,0.0,0.8,100000,4,1,2,599,37,100000.0,300.0,0.0,0.25,85000.0,349.0442943572998,3,100000.0,2.48937e-05,4.38316e-07
bump,287.0,1.4,1004.5000000000001,717.5000000000001,0.1,0.8,0.5,0.0001,0.01,0.0,0.8,100000,4,1,2,599,37,100000.0,300.0,0.0,0.25,85000.0,347.48493003845215,3,100000.0,2.68711e-05,4.65334e-07
bump,287.0,1.4,1004.5000000000001,717.5000000000001,0.1,0.8,0.5,0.0001,0.01,0.0,0.8,100000,4,1,2,599,37,100000.0,300.0,0.0,0.25,85000.0,349.54657769203186,3,100000.0,2.68711e-05,4.65334e-07
bump,287.0,1.4,1004.5000000000001,717.5000000000001,0.1,0.8,0.5,0.0001,0.01,0.0,0.8,100000,4,1,2,599,37,100000.0,300.0,0.0,0.25,85000.0,350.197731256485,3,100000.0,2.68711e-05,4.65334e-07
bump,287.0,1.4,1004.5000000000001,717.5000000000001,0.1,0.05,0.5,0.0001,0.01,0.0,0.8,100000,4,1,2,1000,37,100000.0,300.0,0.0,0.25,85000.0,601.7823164463043,3,100000.0,3.25852e-05,3.80263e-06
bump,287.0,1.4,1004.5000000000001,717.5000000000001,0.1,0.05,0.5,0.0001,0.01,0.0,0.8,100000,4,1,2,1000,37,100000.0,300.0,0.0,0.25,85000.0,604.9520571231842,3,100000.0,3.25852e-05,3.80263e-06
bump,287.0,1.4,1004.5000000000001,717.5000000000001,0.1,0.05,0.5,0.0001,0.01,0.0,0.8,100000,4,1,2,1000,37,100000.0,300.0,0.0,0.25,85000.0,615.2147259712219,3,100000.0,3.25852e-05,3.80263e-06
bump,287.0,1.4,1004.5000000000001,717.5000000000001,0.1,0.13333333333333333,0.5,0.0001,0.01,0.0,0.8,100000,4,1,2,1000,37,100000.0,300.0,0.0,0.25,85000.0,616.5441436767578,3,100000.0,2.20552e-05,1.72882e-06
bump,287.0,1.4,1004.5000000000001,717.5000000000001,0.1,0.13333333333333333,0.5,0.0001,0.01,0.0,0.8,100000,4,1,2,1000,37,100000.0,300.0,0.0,0.25,85000.0,627.5220286846161,3,100000.0,2.20552e-05,1.72882e-06
bump,287.0,1.4,1004.5000000000001,717.5000000000001,0.1,0.13333333333333333,0.5,0.0001,0.01,0.0,0.8,100000,4,1,2,1000,37,100000.0,300.0,0.0,0.25,85000.0,623.6561267375946,3,100000.0,2.20552e-05,1.72882e-06
bump,287.0,1.4,1004.5000000000001,717.5000000000001,0.1,0.21666666666666667,0.5,0.0001,0.01,0.0,0.8,100000,4,1,2,1000,37,100000.0,300.0,0.0,0.25,85000.0,619.5035095214844,3,100000.0,1.85472e-05,1.15856e-06
bump,287.0,1.4,1004.5000000000001,717.5000000000001,0.1,0.21666666666666667,0.5,0.0001,0.01,0.0,0.8,100000,4,1,2,1000,37,100000.0,300.0,0.0,0.25,85000.0,623.7344992160797,3,100000.0,1.85472e-05,1.15856e-06
